person,text,gender,author,author's gender,title_jap,title_eng,type
エッダ,阿母さん！,f,Miyamoto Yuriko,f,猿,Monkey,play
母親,何だい？（縫物の手を動かしたまま）,f,Miyamoto Yuriko,f,猿,Monkey,play
エッダ,ヨハンがおそいね。……どうしたんだろう。,f,Miyamoto Yuriko,f,猿,Monkey,play
母親,――あの子のことだから、また、野っ原に仰向いて、雲でも見ながら、腹の空（す）くのを忘れているんだろう。――大丈夫だよ。,f,Miyamoto Yuriko,f,猿,Monkey,play
エッダ,……（糸車の音が、四辺（あたり）に響く）だってもね、阿母さん。ヨハンはきっとどうかしていてよ、私が、ちゃんとこの胸で感じるんだもの。,f,Miyamoto Yuriko,f,猿,Monkey,play
母親,（笑い）お前の胸かえ？ 要心おしよ、小さい娘っ子の胸と――,f,Miyamoto Yuriko,f,猿,Monkey,play
エッダ,（強く）厭なの！ そうじゃないさ。ヨハンは、死んだあの子のお父さんやお母さんを、このごろ頻りに思い出しているって云うのよ。,f,Miyamoto Yuriko,f,猿,Monkey,play
母親,（しんみりと）そうかえ？ そんな風かえ？――可愛そうにね。……然し、思い出すに種もなかろうよ。何しろ、生れてたった五十日目に、死なれてしまったんだもの。,f,Miyamoto Yuriko,f,猿,Monkey,play
エッダ,それあ、あの子は自分で何も覚えてはいないわ。でも、他人が云うんだもの――ヨハンが、自分が孤児（みなしご）で、阿母さん阿父さんがほんとの親でないのを知ったのだって、ハンスの婆さんに聞いたからよ。――（声を潜め）あの子の阿父さんが、狂って死んだってほんと？ 阿母さんを捕まえて、泣いて逃げるのを、むりやり河へ突陥（つっぱ）めたって……ほんと？,f,Miyamoto Yuriko,f,猿,Monkey,play
母親,（身震いをし）止めておくれ。厭な話だ。――けれどもほんとはほんとだよ。阿父さんも、阿母んも、私達二人の若い時っからの友達で、一緒に踊ったり、氷の上を滑ったり……。楽い思いをしているうちに、かあさんは、お前の阿父さんと、一緒になり彼方（あっち）も彼方で家を持った――よく酒を飲む謡（うた）の上手な男だっけが。――恐ろしい恐ろしい。鬼が憑（つ）いたんだよ。,f,Miyamoto Yuriko,f,猿,Monkey,play
エッダ,ヨハンは、誰からか、きっとそんなことでも聞いたのよ。だから。,f,Miyamoto Yuriko,f,猿,Monkey,play
母親,（ふと、戸外に耳を欹（そばだ）て）しっ！（指を立ててエッダに合図をする。さりげない調子で）もういい加減に休んだらいいじゃあないか？ エッダ。,f,Miyamoto Yuriko,f,猿,Monkey,play
エッダ,ああ。,f,Miyamoto Yuriko,f,猿,Monkey,play
母親,ヨハンかえ？,f,Miyamoto Yuriko,f,猿,Monkey,play
ヨハネス,ああ。ただいま。,m,Miyamoto Yuriko,f,猿,Monkey,play
エッダ,（糸車を片よせつつ、振返り、元気に）お帰り！ どこに迷子んなっていたの？,f,Miyamoto Yuriko,f,猿,Monkey,play
ヨハネス,（微笑み、エッダの丸い体の動くのを見ながら）戸外（そと）の風は、さっぱりするからね。,m,Miyamoto Yuriko,f,猿,Monkey,play
母親,（これも縫物をしまいながら）もうやがて、嚔（くしゃみ）の出そうな時節じゃあないか。雲を見るのも、夏だけにおしよ。……それはそうと、どんな塩梅だったね？ あの渦は……。,f,Miyamoto Yuriko,f,猿,Monkey,play
ヨハネス,ああ、あれの心配ならもう入用（いら）ないよ。すっかりぴんぴんして、他の羊どもと大巫山戯（ふざけ）をやっていたもの。,m,Miyamoto Yuriko,f,猿,Monkey,play
母親,（棚から皿小鉢をおろしながら）よかったね。私は阿父さんの留守の間に一匹でも子供等に死なれちゃあ堪らないと思ったからね。（火をほげたり、鍋を掻き廻したりする）,f,Miyamoto Yuriko,f,猿,Monkey,play
ヨハネス,阿父さんは今日も帰らないの？,m,Miyamoto Yuriko,f,猿,Monkey,play
エッダ,もう二晩泊るんだって。――町から来た人が阿父さんの言伝てを持って来たわ。,f,Miyamoto Yuriko,f,猿,Monkey,play
ヨハネス,今度の市には、俺（わし）も行って見たいな。――エッダ、一緒に行かないか？,m,Miyamoto Yuriko,f,猿,Monkey,play
エッダ,どうするの？,f,Miyamoto Yuriko,f,猿,Monkey,play
ヨハネス,賑やかな市街（まち）の様子を一緒に見るの――何か買ってあげるよ。,m,Miyamoto Yuriko,f,猿,Monkey,play
エッダ,詰らないわ。阿父さんは、町の女や男は、それは、それは、小ざっぱりとしているんだって云ってよ。もう種々（いろん）な物を一杯飾った店ばかりなんだって。――そんなところへ行って、たった一本飾紐（リボン）位買ったって――それに、着物もありゃあしないわよ。,f,Miyamoto Yuriko,f,猿,Monkey,play
ヨハネス,衣裳なんぞは、俺もないけれど――綺麗なところを一緒に見るのはいいじゃあないか、皆俺たちの物ばかりだと想えばいい。,m,Miyamoto Yuriko,f,猿,Monkey,play
エッダ,（おかしがって）ははははは、たった一クローネで？ はははは阿母さん！ ヨハンたら、たった一クローネで、市中の物を買い占めるんだって！,f,Miyamoto Yuriko,f,猿,Monkey,play
母親,（美味（うま）そうに湯気の立つスープを鉢によそい）さあさあエッダ。ヨハンは原っぱで腹を空かして来たんだよ、喋って許りいずに――。,f,Miyamoto Yuriko,f,猿,Monkey,play
エッダ,さあ、お殿様！ 御飯を召上って下さい。,f,Miyamoto Yuriko,f,猿,Monkey,play
エッダ,どう？ 美味しくなくって？,f,Miyamoto Yuriko,f,猿,Monkey,play
ヨハネス,まるで御馳走だね。どうしたの？,m,Miyamoto Yuriko,f,猿,Monkey,play
エッダ,（唾をのむようにし）美味しいでしょう？ 今日はね、昼からすっかり砂糖煮を拵えたの、その余だわ。（一寸母の方を偸見（ぬすみみ）、悪戯（いたずら）らしく囁く）私、林檎（りんご）のスープが大好きでしょう？ 阿母さんは儉約家（しまりや）だから、ちっとでも傷のないのは、皆丸煮にするって云うのよ。仕様がないから、私、そうっと地べたにおっことしたり、噛みついたりして、駄目を出したの。お蔭で、お前までこんなスープにありつけたんだわ。,f,Miyamoto Yuriko,f,猿,Monkey,play
ヨハネス,有難うよ。,m,Miyamoto Yuriko,f,猿,Monkey,play
エッダ,ヨハン！ まあ、どうしてお前、そんな猿みたいな顔をするの？,f,Miyamoto Yuriko,f,猿,Monkey,play
ヨハネス,（首を擡げ、口の辺を拭き）何が？,m,Miyamoto Yuriko,f,猿,Monkey,play
エッダ,パンを食べる時さ。なぜそんな猿みたいな顔をするの？,f,Miyamoto Yuriko,f,猿,Monkey,play
ヨハネス,ほんとかえ？,m,Miyamoto Yuriko,f,猿,Monkey,play
エッダ,（力を入れて頷き）ほんとだとも！ まあ、私ちっとも今まで知らなかったわ。,f,Miyamoto Yuriko,f,猿,Monkey,play
ヨハネス,（照れ）いそいで食ったから――。,m,Miyamoto Yuriko,f,猿,Monkey,play
エッダ,（俄に好奇心で熱くなり）ね、ヨハン、もう一口食べて御覧よ。ね、ゆっくり。私こうやって見てみるわ。,f,Miyamoto Yuriko,f,猿,Monkey,play
エッダ,（熱心に見守り）ほら！ ほら、ほら！ まるで、本ものよ、ヨハン。まあ、お前ッたら！,f,Miyamoto Yuriko,f,猿,Monkey,play
母親,何だえ？ 大騒ぎをして――,f,Miyamoto Yuriko,f,猿,Monkey,play
エッダ,（得意げに）ヨハンが猿なのよ。,f,Miyamoto Yuriko,f,猿,Monkey,play
母親,馬鹿！ お前の頭の螺旋（ねじ）がゆるんだんだろう、しっかりおし。,f,Miyamoto Yuriko,f,猿,Monkey,play
エッダ,そうじゃあないわ。だって、ほんとにそうなんだもの。,f,Miyamoto Yuriko,f,猿,Monkey,play
ヨハネス,（機嫌わるく）光線（ひかり）のせいだよ、エッダ。,m,Miyamoto Yuriko,f,猿,Monkey,play
エッダ,（熱中し）いいえ！ こっちから見たって、矢張り同じよ。（場所を更えて、なお見守る）,f,Miyamoto Yuriko,f,猿,Monkey,play
ヨハネス,（神経質になり、顔を平手で撫で廻し）お前のように、ふっくらしていないからそう見えるんだよ。,m,Miyamoto Yuriko,f,猿,Monkey,play
エッダ,（ヨハネスが真面目なので、不意と嬲（なぶ）る気になる）瘠（やせ）っぽちだって、猿と人間とは異うわよ。,f,Miyamoto Yuriko,f,猿,Monkey,play
ヨハネス,（もう飲むことも、食うことも出来なくなり）エッダ！ 止めてくれ（悲しそうに）俺は――……お前の好きなほど美（い）い男じゃあないが――まさか猿じゃないよ。俺の阿父（おやじ）だって俺を生んでくれた阿母（おっか）だって。,m,Miyamoto Yuriko,f,猿,Monkey,play
エッダ,（笑い、小娘らしい意地悪さで）なあに？,f,Miyamoto Yuriko,f,猿,Monkey,play
ヨハネス,歴（れっき）とした村の衆だ。,m,Miyamoto Yuriko,f,猿,Monkey,play
エッダ,そう？ お前偉いのね。見たこともない親のことが判るの？,f,Miyamoto Yuriko,f,猿,Monkey,play
母親,エッダ。下らない口論はおやめ、人間が猿で堪るものか。,f,Miyamoto Yuriko,f,猿,Monkey,play
エッダ,猿が人間じゃあ、なお堪らない！,f,Miyamoto Yuriko,f,猿,Monkey,play
ヨハネス,（決然と）お前が何と云ったって、俺が猿でないことはわかってるよ。見な。手だってお前のほど白くこそないが、同じ形だ。足だって、ほら。第一言葉が通じるじゃないか。,m,Miyamoto Yuriko,f,猿,Monkey,play
エッダ,（負けず）それは、お前だけが、そうと思っているんじゃあないの？ 誰の眼で見ている？「お前の眼［＃「お前の眼」に傍点］」じゃないの？ 誰の耳で聴いているの？「お前の耳［＃「お前の耳」に傍点］」じゃあなくって。お前の眼が私の眼と同じだっていうのは、ただ、お前だけがそう思う、というばかりよ。お前の頭が狂っていないって。,f,Miyamoto Yuriko,f,猿,Monkey,play
母親,エッダ。云うことをお考え！,f,Miyamoto Yuriko,f,猿,Monkey,play
エッダ,（はっとする。が、強いて勢いよく）ほんとにそうじゃあないの？ お前が見て、これに間違いはないと思う世界の様子だって、どこまで真実か解りゃあしないわ。逆に立ったって、お前は、お前の頭［＃「お前の頭」に傍点］でほか、見るも考えるも出来やしないんだもの。,f,Miyamoto Yuriko,f,猿,Monkey,play
ヨハネス,――（不安を面に漲し、凝っとエッダの顔を見る）――エッダ……エッダ――お前は（深い感情を以て）エッダに違いないだろう？,m,Miyamoto Yuriko,f,猿,Monkey,play
エッダ,（笑い）知らなくってよ！ お前が自分を猿じゃあないと思い込むと同じに、まるで異ったどこかの婆ちゃんを、エッダだと思っているのかもしれやしないわ。,f,Miyamoto Yuriko,f,猿,Monkey,play
ヨハネス,（混乱した顔になり）ああエッダ。（焦々しく）はっきりしてくれ。ね（エッダの手を執ろうとする）お前はエッダだよ。ね、俺が、死んだ親父の息子のヨハネスの通りに。ね。,m,Miyamoto Yuriko,f,猿,Monkey,play
エッダ,（いよいよ笑い）お猿さん！ 人の真似する痩猿さん！,f,Miyamoto Yuriko,f,猿,Monkey,play
エッダ,（中腰になったまま）あら！,f,Miyamoto Yuriko,f,猿,Monkey,play
母親,どうしたんだい一体。何をしたの？,f,Miyamoto Yuriko,f,猿,Monkey,play
賢一郎,おたあさん、おたねはどこへ行ったの。,m,Kan Kikuchi,m,父帰る,Father returns,play
母,仕立物を届けに行った。,f,Kan Kikuchi,m,父帰る,Father returns,play
賢一郎,まだ仕立物をしとるの。もう人の家うちの仕事やこし、せんでもええのに。,m,Kan Kikuchi,m,父帰る,Father returns,play
母,そうやけど嫁入りの時に、一枚でも余計ええ着物を持って行きたいのだろうわい。,f,Kan Kikuchi,m,父帰る,Father returns,play
賢一郎,（新聞の裏を返しながら）この間いうとった口はどうなったの。,m,Kan Kikuchi,m,父帰る,Father returns,play
母,たねが、ちいと相手が気に入らんのだろうわい。向こうはくれくれいうてせがんどったんやけれどのう。,f,Kan Kikuchi,m,父帰る,Father returns,play
賢一郎,財産があるという人やけに、ええ口やがなあ。,m,Kan Kikuchi,m,父帰る,Father returns,play
母,けんど、一万や、二万の財産は使い出したら何の役にもたたんけえな。家うちでもおたあさんが来た時には公債や地所で、二、三万円はあったんやけど、お父さんが道楽して使い出したら、笹につけて振るごとしじゃ。,f,Kan Kikuchi,m,父帰る,Father returns,play
賢一郎,（不快なる記憶を呼び起したるごとく黙している）……。,m,Kan Kikuchi,m,父帰る,Father returns,play
母,私は自分で懲々こりごりしとるけに、たねは財産よりも人間のええ方へやろうと思うとる。財産がのうても、亭主の心掛がよかったら一生苦労せいで済むけにな。,f,Kan Kikuchi,m,父帰る,Father returns,play
賢一郎,財産があって、人間がよけりゃ、なおいいでしょう。,m,Kan Kikuchi,m,父帰る,Father returns,play
母,そんなことが望めるもんけ。おたねがなんぼ器量よしでも、家うちには金がないんやけにな。この頃のことやけに、少し支度をしても三百円や五百円はすぐかかるけにのう。,f,Kan Kikuchi,m,父帰る,Father returns,play
賢一郎,おたねも、お父さんのために子供の時ずいぶん苦労をしたんやけに、嫁入りの支度だけでもできるだけのことはしてやらないかん。私たちの貯金が千円になったら半分はあれにやってもええ。,m,Kan Kikuchi,m,父帰る,Father returns,play
母,そんなにせいでも、三百円かけてやったらええ。その後でお前にも嫁を貰うたらわしも一安心するんや。わしは亭主運が悪かったけど子供運はええいうて皆いうてくれる。お父さんに行かれた時はどうしようと思ったがのう……。,f,Kan Kikuchi,m,父帰る,Father returns,play
賢一郎,（話題を転ずるために）新は大分遅いな。,m,Kan Kikuchi,m,父帰る,Father returns,play
母,宿直やけに、遅うなるんや。新は今月からまた月給が上るというとった。,f,Kan Kikuchi,m,父帰る,Father returns,play
賢一郎,そうですか。あいつは中学校でよくできたけに、小学校の先生やこしするのは不満やろうけど、自分で勉強さえしたらなんぼでも出世はできるんやけに。,m,Kan Kikuchi,m,父帰る,Father returns,play
母,お前の嫁も探してもろうとんやけど、ええのがのうてのう。園田の娘ならええけど、少し向うの方が格式が上やけにくれんかも知れんでな。,f,Kan Kikuchi,m,父帰る,Father returns,play
賢一郎,まだ二、三年はええでしょう。,m,Kan Kikuchi,m,父帰る,Father returns,play
母,でもおたねをほかへやるとすると、ぜひにも貰わないかん。それで片が付くんやけに。お父さんが出奔しゅっぽんした時には三人の子供を抱えてどうしようと思ったもんやが……。,f,Kan Kikuchi,m,父帰る,Father returns,play
賢一郎,もう昔のことをいうても仕方がないんやけえに。,m,Kan Kikuchi,m,父帰る,Father returns,play
新二郎,ただいま。,m,Kan Kikuchi,m,父帰る,Father returns,play
母,やあおかえり。,f,Kan Kikuchi,m,父帰る,Father returns,play
賢一郎,大変遅かったじゃないか。,m,Kan Kikuchi,m,父帰る,Father returns,play
新二郎,今日は調べものがたくさんあって、閉口してしもうた。ああ肩が凝った。,m,Kan Kikuchi,m,父帰る,Father returns,play
母,さっきから御飯にしようと思って待っとったんや。,f,Kan Kikuchi,m,父帰る,Father returns,play
賢一郎,御飯がすんだら風呂へ行って来るとええ。,m,Kan Kikuchi,m,父帰る,Father returns,play
新二郎,（和服に着替えながら）おたあさん、たねは。,m,Kan Kikuchi,m,父帰る,Father returns,play
母,仕立物を持って行っとんや。,f,Kan Kikuchi,m,父帰る,Father returns,play
新二郎,（和服になって寛くつろぎながら）兄さん！ 今日僕は不思議な噂をきいたんですがね。杉田校長が古新町で、家うちのお父さんによく似た人に会ったというんですがね。,m,Kan Kikuchi,m,父帰る,Father returns,play
新二郎,杉田さんが、古新町の旅籠屋はたごやが並んどる所を通っとると、前に行く六十ばかりの老人がある。よく見るとどうも見たようなことがあると思って、近づいて横顔を見ると、家うちのお父さんに似ていたというんです。どうも宗太郎さんらしい、宗太郎さんなら右の頬にほくろがあるはずじゃけに、ほくろがあったら声をかけようと思って、近よろうとすると水神さんの横町へ、こそこそとはいってしもうたというんです。,m,Kan Kikuchi,m,父帰る,Father returns,play
母,杉田さんなら、お父さんの幼な友達で、一緒に槍の稽古をしていた人やけに、見違うこともないやろう。けどもうお前、二十年にもなるんやけにのう。,f,Kan Kikuchi,m,父帰る,Father returns,play
新二郎,杉田さんもそういうとったです。何しろ二十年も会わんのやけに、しっかりしたことはいえんけど、子供の時から交際つきおうた宗太郎さんやけに、まるきり見違えたともいえんいうてな。,m,Kan Kikuchi,m,父帰る,Father returns,play
賢一郎,（不安な瞳を輝かして）じゃ、杉田さんは言葉をかけなかったのだね。,m,Kan Kikuchi,m,父帰る,Father returns,play
新二郎,ほくろがあったら名乗る心算つもりでいたのやって。,m,Kan Kikuchi,m,父帰る,Father returns,play
母,まあ、そりゃ杉田さんの見違いやろうな。同じ町へ帰ったら自分の生れた家うちに帰らんことはないけにのう。,f,Kan Kikuchi,m,父帰る,Father returns,play
賢一郎,しかし、お父さんは家うちの敷居はちょっと越せないやろう。,m,Kan Kikuchi,m,父帰る,Father returns,play
母,私はもう死んだと思うとんや、家出してから二十年になるんやけえ。,f,Kan Kikuchi,m,父帰る,Father returns,play
新二郎,いつか、岡山で会った人があるというんでしょう。,m,Kan Kikuchi,m,父帰る,Father returns,play
母,あれも、もう十年も前のことじゃ。久保の忠太さんが岡山へ行った時、家うちのお父さんが、獅子や虎の動物を連れて興行しとったとかで、忠太さんを料理屋へ呼んで御馳走をして家うちの様子をきいたんやて。その時は金時計を帯にさげたり、絹物ずくめでえらい勢いであったいうとった。それからはなんの音沙汰もないんや。あれは戦争のあった明くる年やけに、もう十二、三年になるのう。,f,Kan Kikuchi,m,父帰る,Father returns,play
新二郎,お父さんはなかなか変っとったんやな。,m,Kan Kikuchi,m,父帰る,Father returns,play
母,若い時から家うちの学問はせんで、山師のようなことが好きであったんや。あんなに借金ができたのも道楽ばっかりではないんや。支那へ千金丹を売り出すとかいうて損をしたんや。,f,Kan Kikuchi,m,父帰る,Father returns,play
賢一郎,（やや不快な表情をして）おたあさんお飯まんまを食べましょう。,m,Kan Kikuchi,m,父帰る,Father returns,play
母,ああそうやそうや。つい忘れとった。（台所の方へ立って行く、姿は見えずに）杉田さんが見たというのもなんぞの間違いやろ。生きとったら年が年やけに、はがきの一本でもよこすやろ。,f,Kan Kikuchi,m,父帰る,Father returns,play
賢一郎,（やや真面目に）杉田さんがその男に会うたのは何日いつのことや。,m,Kan Kikuchi,m,父帰る,Father returns,play
新二郎,昨日の晩の九時頃じゃということです。,m,Kan Kikuchi,m,父帰る,Father returns,play
賢一郎,どんな身なりをしておったんや。,m,Kan Kikuchi,m,父帰る,Father returns,play
新二郎,あんまり、ええなりじゃないそうです。羽織も着ておらなんだということです。,m,Kan Kikuchi,m,父帰る,Father returns,play
賢一郎,そうか。,m,Kan Kikuchi,m,父帰る,Father returns,play
新二郎,兄さんが覚えとるお父さんはどんな様子でした。,m,Kan Kikuchi,m,父帰る,Father returns,play
賢一郎,わしは覚えとらん。,m,Kan Kikuchi,m,父帰る,Father returns,play
新二郎,そんなことはないでしょう。兄さんは八つであったんやけに。僕だってぼんやり覚えとるに。,m,Kan Kikuchi,m,父帰る,Father returns,play
賢一郎,わしは覚えとらん。昔は覚えとったけど、一生懸命に忘れようと、かかったけに。,m,Kan Kikuchi,m,父帰る,Father returns,play
新二郎,杉田さんは、よくお父さんの話をしますぜ。お父さんは若い時は、ええ男であったそうですな。,m,Kan Kikuchi,m,父帰る,Father returns,play
母,（台所から食事を運びながら）そうや、お父さんは評判のええ男であったんや。お父さんが、大殿様のお小姓をしていた時に、奥女中がお箸箱に恋歌を添えて、送って来たという話があるんや。,f,Kan Kikuchi,m,父帰る,Father returns,play
新二郎,なんのために、箸箱をくれたんやろう、ははははは。,m,Kan Kikuchi,m,父帰る,Father returns,play
母,丑の年やけに、今年は五十八じゃ。家にじっとしておれば、もう楽隠居をしている時分じゃがな。,f,Kan Kikuchi,m,父帰る,Father returns,play
母,たねも、もう帰ってくるやろう。もうめっきり寒うなったな。,f,Kan Kikuchi,m,父帰る,Father returns,play
新二郎,おたあさん、今日浄願寺の椋むくの木で百舌もずが鳴いとりましたよ。もう秋じゃ。……兄さん、僕はやっぱり、英語の検定をとることにしました。数学にはええ先生がないけに。,m,Kan Kikuchi,m,父帰る,Father returns,play
賢一郎,ええやろう。やはり、エレクソンさんとこへ通うのか。,m,Kan Kikuchi,m,父帰る,Father returns,play
新二郎,そうしようと、思っとるんです。宣教師じゃと月謝がいらんし。,m,Kan Kikuchi,m,父帰る,Father returns,play
賢一郎,うむ、何しろ一生懸命にやるんだな、父親てておやの力は借らんでも一人前の人間にはなれるということを知らせるために、勉強するんじゃな。わしも高等文官をやろうと思うとったけど、規則が改正になって、中学を出とらな受けられんいうことになったから、諦めとんや。お前は中学校を卒業しとるんやけに、一生懸命やってくれないかん。,m,Kan Kikuchi,m,父帰る,Father returns,play
おたね,ただいま。,f,Kan Kikuchi,m,父帰る,Father returns,play
母,遅かったのう。,f,Kan Kikuchi,m,父帰る,Father returns,play
おたね,また次のものを頼まれたり、何かしとったもんやけに。,f,Kan Kikuchi,m,父帰る,Father returns,play
母,さあ御飯おたべ。,f,Kan Kikuchi,m,父帰る,Father returns,play
おたね,（座りながら、やや不安なる表情にて）兄さん、今帰って来るとな、家うちの向う側に年寄の人がいて家の玄関の方をじーと見ているんや。（三人とも不安な顔になる）,f,Kan Kikuchi,m,父帰る,Father returns,play
賢一郎,うーむ。,m,Kan Kikuchi,m,父帰る,Father returns,play
新二郎,どんな人だ。,m,Kan Kikuchi,m,父帰る,Father returns,play
おたね,暗くて、分からなんだけど、背の高い人や。,f,Kan Kikuchi,m,父帰る,Father returns,play
新二郎,（立って次の間へ行き、窓から覗く）……。,m,Kan Kikuchi,m,父帰る,Father returns,play
賢一郎,誰かいるかい。,m,Kan Kikuchi,m,父帰る,Father returns,play
新二郎,いいや、誰もおらん。,m,Kan Kikuchi,m,父帰る,Father returns,play
母,あの人が家を出たのは盆の三日後であったんや。,f,Kan Kikuchi,m,父帰る,Father returns,play
賢一郎,おたあさん、昔のことはもういわんようにして下さい。,m,Kan Kikuchi,m,父帰る,Father returns,play
母,わしも若い時は恨んでいたけども、年が寄るとなんとなしに心が弱うなってきてな。,f,Kan Kikuchi,m,父帰る,Father returns,play
男の声,御免！,m,Kan Kikuchi,m,父帰る,Father returns,play
おたね,はい！ （しかし彼女も立ち上ろうとはしない）,f,Kan Kikuchi,m,父帰る,Father returns,play
男の声,おたかはおらんかの？,m,Kan Kikuchi,m,父帰る,Father returns,play
母,へえ！ （吸いつけられるように玄関へ行く、以下声ばかり聞える）,f,Kan Kikuchi,m,父帰る,Father returns,play
男の声,おたかか！,m,Kan Kikuchi,m,父帰る,Father returns,play
母の声,まあ！ お前さんか、えろう！ 変ったのう。,f,Kan Kikuchi,m,父帰る,Father returns,play
男の声,まあ！ 丈夫たっしゃで何よりじゃ。子供たちは大きくなったやろうな。,m,Kan Kikuchi,m,父帰る,Father returns,play
母の声,大きゅうなったとも、もう皆立派な大人じゃ。上ってお見まあせ。,f,Kan Kikuchi,m,父帰る,Father returns,play
男の声,上ってもええかい。,m,Kan Kikuchi,m,父帰る,Father returns,play
母の声,ええとも。,f,Kan Kikuchi,m,父帰る,Father returns,play
新二郎,お父さんですか、僕が新二郎です。,m,Kan Kikuchi,m,父帰る,Father returns,play
父,立派な男になったな、お前に別れた時はまだ碌ろくに立てもしなかったが……。,m,Kan Kikuchi,m,父帰る,Father returns,play
おたね,お父さん、私がたねです。,f,Kan Kikuchi,m,父帰る,Father returns,play
父,女の子ということはきいていたが、ええ器量じゃなあ。,m,Kan Kikuchi,m,父帰る,Father returns,play
母,まあ、お前さん、何から話してええか。子供もこんなに大きゅうなってな、何より結構やと思うとんや。,f,Kan Kikuchi,m,父帰る,Father returns,play
父,親はなくとも子は育つというが、よういうてあるな、ははははは。,m,Kan Kikuchi,m,父帰る,Father returns,play
母,お前さん、賢も新もようでけた子でな。賢はな、二十の年に普通文官いうものが受かるし、新は中学校へ行っとった時に三番と降ったことがないんや。今では二人で六十円も取ってくれるし、おたねはおたねで、こんな器量よしやけに、ええ所から口がかかるしな。,f,Kan Kikuchi,m,父帰る,Father returns,play
父,そら何より結構なことや。わしも、四、五年前までは、人の二、三十人も連れて、ずうと巡業して回っとったんやけどもな。呉で見世物小屋が丸焼になったために、えらい損害を受けてな。それからは何をしても思わしくないわ。その内に老先おいさきが短くなってくる、女房子のいる所が恋しゅうなってうかうかと帰って来たんや。老先の長いこともない者やけに皆よう頼むぜ。（賢一郎を注視して）さあ賢一郎！ その杯を一つさしてくれんか、お父さんも近頃はええ酒も飲めんでのう。うん、お前だけは顔に見おぼえがあるわ。（賢一郎応ぜず）,m,Kan Kikuchi,m,父帰る,Father returns,play
母,さあ、賢や、お父さんが、ああおっしゃるんやけに。さあ、久し振りに親子が会うんじゃけに祝うてな。,f,Kan Kikuchi,m,父帰る,Father returns,play
父,じゃ、新二郎、お前一つ、杯をくれえ。,m,Kan Kikuchi,m,父帰る,Father returns,play
新二郎,はあ。（杯を取り上げて父にささんとす）,m,Kan Kikuchi,m,父帰る,Father returns,play
賢一郎,（決然として）止めとけ。さすわけはない。,m,Kan Kikuchi,m,父帰る,Father returns,play
母,何をいうんや、賢は。,f,Kan Kikuchi,m,父帰る,Father returns,play
賢一郎,（昂然と）僕たちに父親てておやがあるわけはない。そんなものがあるもんか。,m,Kan Kikuchi,m,父帰る,Father returns,play
父,（激しき憤怒を抑えながら）なんやと！,m,Kan Kikuchi,m,父帰る,Father returns,play
賢一郎,（やや冷やかに）俺たちに父親てておやがあれば、八歳やっつの年に築港からおたあさんに手を引かれて身投げをせいでも済んどる。あの時おたあさんが誤って水の浅い所へ飛び込んだればこそ、助かっているんや。俺たちに父親てておやがあれば、十の年から給仕をせいでも済んどる。俺たちは父親てておやがないために、子供の時になんの楽しみもなしに暮してきたんや。新二郎、お前は小学校の時に墨や紙を買えないで泣いていたのを忘れたのか。教科書さえ満足に買えないで、写本を持って行って友達にからかわれて泣いたのを忘れたのか。俺たちに父親てておやがあるもんか、あればあんな苦労はしとりゃせん。,m,Kan Kikuchi,m,父帰る,Father returns,play
新二郎,しかし、兄さん、おたあさんが、第一ああ折れ合っているんやけに、たいていのことは我慢してくれたらどうです。,m,Kan Kikuchi,m,父帰る,Father returns,play
賢一郎,（なお冷静に）おたあさんは女子やけにどう思っとるか知らんが、俺に父親てておやがあるとしたら、それは俺の敵かたきじゃ。俺たちが小さい時に、ひもじいことや辛いことがあって、おたあさんに不平をいうと、おたあさんは口癖のように「皆お父さんの故せいじゃ、恨むのならお父さんを恨め」というていた。俺にお父さんがあるとしたら、それは俺を子供の時から苦しめ抜いた敵じゃ。俺は十の時から県庁の給仕をするし、おたあさんはマッチを張るし、いつかもおたあさんのマッチの仕事が一月ばかり無かった時に、親子四人で昼飯を抜いたのを忘れたのか。俺が一生懸命に勉強したのは皆その敵かたきを取りたいからじゃ。俺たちを捨てて行った男を見返してやりたいからだ。父親てておやに捨てられても一人前の人間にはなれるということを知らしてやりたいからじゃ。俺は父親てておやから少しだって愛された覚えはない。俺の父親てておやは俺が八歳やっつになるまで家を外に飲み歩いていたのだ。その揚げ句に不義理な借金をこさえ情婦を連れて出奔しゅっぽんしたのじゃ。女房と子供三人の愛を合わしても、その女に叶わなかったのじゃ。いや、俺の父親てておやがいなくなった後には、おたあさんが俺のために預けておいてくれた十六円の貯金の通帳かよいちょうまで無くなっておったもんじゃ。,m,Kan Kikuchi,m,父帰る,Father returns,play
新二郎,（涙を呑みながら）しかし兄さん、お父さんはあの通り、あの通りお年を召しておられるんじゃけに……。,m,Kan Kikuchi,m,父帰る,Father returns,play
賢一郎,新二郎！ お前はよくお父さんなどと空々しいことがいえるな。見も知らない他人がひょっくり入ってきて、俺たちの親じゃというたからとて、すぐに父に対する感情を持つことができるんか。,m,Kan Kikuchi,m,父帰る,Father returns,play
新二郎,しかし兄さん、肉親の子として、親がどうあろうとも養うて行く……。,m,Kan Kikuchi,m,父帰る,Father returns,play
賢一郎,義務があるというのか。自分でさんざん面白いことをしておいて、年が寄って動けなくなったというて帰ってくる。俺はお前がなんといっても父親てておやはない。,m,Kan Kikuchi,m,父帰る,Father returns,play
父,（憤然として物をいう、しかしそれは飾った怒りでなんの力も伴っていない）賢一郎！ お前は生みの親に対してよくそんな口が利けるのう。,m,Kan Kikuchi,m,父帰る,Father returns,play
賢一郎,生みの親というのですか。あなたが生んだという賢一郎は二十年も前に築港で死んでいる。あなたは二十年前に父としての権利を自分で捨てている。今のわしは自分で築きあげたわしじゃ。わしは誰にだって、世話になっておらん。,m,Kan Kikuchi,m,父帰る,Father returns,play
父,ええわ、出て行く。俺だって二万や三万の金は取り扱うてきた男じゃ。どなに落ちぶれたかというて、食うくらいなことはできるわ。えろう邪魔したな。（悄然と行かんとす）,m,Kan Kikuchi,m,父帰る,Father returns,play
新二郎,まあ、お待ちまあせ。兄さんが厭だというのなら僕がどうにかしてあげます。兄さんだって親子ですから、今に機嫌の直ることがあるでしょう。お待ちまあせ。僕がどななことをしても養うて上げますから。,m,Kan Kikuchi,m,父帰る,Father returns,play
賢一郎,新二郎！ お前はその人になんぞ世話になったことがあるのか。俺はまだその人から拳骨の一つや二つは貰ったことがあるが、お前は塵一つだって貰ってはいないぞ。お前の小学校の月謝は誰が出したのだ。お前は誰の養育を受けたのじゃ。お前の学校の月謝は、兄さんがしがない給仕の月給から払ってやったのを忘れたのか。お前や、たねのほんとうの父親てておやは俺だ。父親てておやの役目をしたのは俺じゃ。その人を世話したければするがええ。その代り兄さんはお前と口は利かないぞ。,m,Kan Kikuchi,m,父帰る,Father returns,play
新二郎,しかし……。,m,Kan Kikuchi,m,父帰る,Father returns,play
賢一郎,不服があれば、その人と一緒に出て行くがええ。,m,Kan Kikuchi,m,父帰る,Father returns,play
賢一郎,俺は父親てておやがないために苦しんだけに、弟や妹にその苦しみをさせまいと思うて夜も寝ないで艱難したけに、弟も妹も中等学校は卒業させてある。,m,Kan Kikuchi,m,父帰る,Father returns,play
父,（弱く）もう何もいうな。わしが帰って邪魔なんだろう。わしやって無理に子供の厄介にならんでもええ。自分で養うて行くぐらいの才覚はある。さあもう行こう。おたか！ 丈夫で暮せよ。お前はわしに捨てられてかえって仕合せやな。,m,Kan Kikuchi,m,父帰る,Father returns,play
新二郎,（去らんとする父を追いて）あなたお金はあるのですか。晩の御飯もまだ食べとらんのじゃありませんか。,m,Kan Kikuchi,m,父帰る,Father returns,play
父,（哀願するがごとく瞳を光らせながら）ええわええわ。,m,Kan Kikuchi,m,父帰る,Father returns,play
おたか,あっ、あぶない。,f,Kan Kikuchi,m,父帰る,Father returns,play
新二郎,（父を抱き起しながら）これから行く所があるのですか。,m,Kan Kikuchi,m,父帰る,Father returns,play
父,（まったく悄沈として腰をかけたまま）のたれ死するには家うちは要らんからのう……（独言のごとく）俺やってこの家うちに足踏ができる義理ではないんやけど、年が寄って弱ってくると、故郷の方へ自然と足が向いてな。この街へ帰ってから、今日で三日じゃがな。夜になると毎晩家うちの前で立っていたんじゃが、敷居が高うて入れなかったのじゃ……しかしやっぱり入らん方がよかった。一文なしで帰って来ては誰にやってばかにされる……俺も五十の声がかかると国が恋しくなって、せめて千と二千とまとまった金を持って帰ってお前たちに詫をしようと思ったが、年が寄るとそれだけの働きもできんでな……（ようやく立ち上って）まあええ、自分の身体ぐらい始末のつかんことはないわ。（蹌踉そうろうとして立ち上り、顧みて老いたる妻を一目見たる後、戸をあけて去る。後四人しばらく無言）,m,Kan Kikuchi,m,父帰る,Father returns,play
母,（哀訴するがごとく）賢一郎！,f,Kan Kikuchi,m,父帰る,Father returns,play
おたね,兄さん！,f,Kan Kikuchi,m,父帰る,Father returns,play
賢一郎,新！ 行ってお父さんを呼び返してこい。,m,Kan Kikuchi,m,父帰る,Father returns,play
新二郎,南の道を探したが見えん、北の方を探すから兄さんも来て下さい。,m,Kan Kikuchi,m,父帰る,Father returns,play
賢一郎,（驚駭きょうがいして）なに見えん！ 見えんことがあるものか。,m,Kan Kikuchi,m,父帰る,Father returns,play
渡,今宵は、そなたの心づくしの肴で、酒も一入ひとしほ身にしみるわ。もう早蕨さわらびが、萠え始めたと見えるな。,m,Kan Kikuchi,m,袈裟の良人,The husband in the Buddhist robe,play
袈裟,はい。今日女めの童わらはどもが、東山で折つて參つたのでござります。,f,Kan Kikuchi,m,袈裟の良人,The husband in the Buddhist robe,play
渡,やがて、春の盛りぢや。去年は、思はざる雨つゞきで、嵯峨も交野かたのの櫻も見ずに過したが、今年は屹度折を見て、そなたを伴うて得させよう。,m,Kan Kikuchi,m,袈裟の良人,The husband in the Buddhist robe,play
袈裟,はい。,f,Kan Kikuchi,m,袈裟の良人,The husband in the Buddhist robe,play
渡,公達や姫が出來ると、もう心のまゝの遊山も出來ぬものぢや。今の裡、そなたもわれも若い裡、今日も明日もと、櫻かざして暮して置かうよ。はああ。,m,Kan Kikuchi,m,袈裟の良人,The husband in the Buddhist robe,play
袈裟,（寂しく微笑す）…………。,f,Kan Kikuchi,m,袈裟の良人,The husband in the Buddhist robe,play
渡,（袈裟が沈んでゐるのに、ふと氣が付く）……,m,Kan Kikuchi,m,袈裟の良人,The husband in the Buddhist robe,play
渡,そなたは、何ぞ氣にかゝることがあるのではないか。,m,Kan Kikuchi,m,袈裟の良人,The husband in the Buddhist robe,play
袈裟,いゝえ。ござりませぬ。,f,Kan Kikuchi,m,袈裟の良人,The husband in the Buddhist robe,play
渡,なければよいが、何となく沈んで見えるなう。身に障りでもあるのか。,m,Kan Kikuchi,m,袈裟の良人,The husband in the Buddhist robe,play
袈裟,いゝえ。,f,Kan Kikuchi,m,袈裟の良人,The husband in the Buddhist robe,play
渡,そなたは、今日午後、衣川の母御前を訪ねたやうぢやが、母御前に、何ぞ病氣の沙汰でもあつたのか。,m,Kan Kikuchi,m,袈裟の良人,The husband in the Buddhist robe,play
袈裟,いゝえ。いつものやうに、健かでござりました。,f,Kan Kikuchi,m,袈裟の良人,The husband in the Buddhist robe,play
渡,それでは、何ぞ母御前から、心にかゝることを云はれたのではないか。,m,Kan Kikuchi,m,袈裟の良人,The husband in the Buddhist robe,play
袈裟,（默つてゐる）…………。,f,Kan Kikuchi,m,袈裟の良人,The husband in the Buddhist robe,play
渡,屹度、さうであらう。でなければ、いつもは雲雀のやうに、快活なそなたが、このやうに沈む筈がない。伯母御前からの話の仔細は、何うぢや。話してみい。,m,Kan Kikuchi,m,袈裟の良人,The husband in the Buddhist robe,play
袈裟,（默つてゐる）…………。,f,Kan Kikuchi,m,袈裟の良人,The husband in the Buddhist robe,play
渡,何も隱すには及ぶまい。身内の少いこの渡には、衣川殿はたつた一人の母御ぢや。常日頃疎略には思うてゐぬ。母御前から話の仔細と云ふのは、何ぢや。話して見い、袈裟！,m,Kan Kikuchi,m,袈裟の良人,The husband in the Buddhist robe,play
袈裟,（しばらく默つてゐた後）別の仔細はござりませぬ。ただ、三月ばかり打ち絶えてゐましたので、ひたすらに顏が見たくて招んだと、かやうに申して居りました。,f,Kan Kikuchi,m,袈裟の良人,The husband in the Buddhist robe,play
渡,（かすかに笑を洩して）はあ、それでは、渡の取越苦勞ぢやつたな。そなたの顏が、少しでも曇ると、俺の心も直ぐ曇るのぢや。十三のいたいけなそなたと契り合うてから、この年月、そなたが、妻のやうになつかしければ、妹のやうに子のやうに、可愛く覺ゆるぞ。かまへて、氣を使うて、面やつれすな。一人で氣を使うて、思ひわづらふな。なにごとにまれ！ 俺に計うてくれ！,m,Kan Kikuchi,m,袈裟の良人,The husband in the Buddhist robe,play
袈裟,お言葉のほど、うれしう存じます（袈裟、涙をすゝる）,f,Kan Kikuchi,m,袈裟の良人,The husband in the Buddhist robe,play
渡,何ぢや／＼。其方そなたは、何が悲しうて涙をうかめてゐるのぢや。云へ！ 仔細を。はて！ さて氣がかりな。,m,Kan Kikuchi,m,袈裟の良人,The husband in the Buddhist robe,play
袈裟,何の仔細がござりませう。お言葉が、うれしいので、つひ涙ぐんだのでござります。,f,Kan Kikuchi,m,袈裟の良人,The husband in the Buddhist robe,play
渡,それならば、もつと華やいで、この美しい夜を過さうではないか！ そなたも若い、俺も若い！ 春は幾度も※(「廴＋囘」、第4水準2-12-11)つて來るのぢや。たゞのびやかに晴やかに、暮さうよ。心にかゝる雲とては、さら／＼ない筈ではないか。さあ！ 袈裟！ 一酣注いでくれ。,m,Kan Kikuchi,m,袈裟の良人,The husband in the Buddhist robe,play
袈裟,はい。,f,Kan Kikuchi,m,袈裟の良人,The husband in the Buddhist robe,play
渡,一曲所望ぢや。聽かせては呉れぬか。,m,Kan Kikuchi,m,袈裟の良人,The husband in the Buddhist robe,play
袈裟,はい。,f,Kan Kikuchi,m,袈裟の良人,The husband in the Buddhist robe,play
袈裟,唱ふ。今は昔もろこしに、いろをおもんじたまひけるみかどおはしまししとき、やうかの娘かしこくも、君にめされてあけくれのおんいつくしみあさからず、常にかたからにはんべりぬ。宮のうちのたをやめ三千のてうあいも、わが身ひとつの春の花、ちりていろかもなきたまの。,f,Kan Kikuchi,m,袈裟の良人,The husband in the Buddhist robe,play
渡,なぜに、そのやうな悲しい曲を彈くのぢや。大唐の天子から、引き離され、荒武者どもの手にかゝつて果敢なくなる、悲しい楊貴妃の古事が、なぜにそなたの氣に叶ふのぢや。それは、こん秋の夜にきかう。今朧夜の花の下では、たのしいうかれ心地の曲を彈くがよいに！,m,Kan Kikuchi,m,袈裟の良人,The husband in the Buddhist robe,play
袈裟,（默つてゐる）…………。,f,Kan Kikuchi,m,袈裟の良人,The husband in the Buddhist robe,play
渡,はあゝ、疲れたのか疲れたのならば、休息せい。氣晴しに、ちと、酒などたしなんで見ては何うぢや。,m,Kan Kikuchi,m,袈裟の良人,The husband in the Buddhist robe,play
袈裟,それでは、お一つ下さりませ。,f,Kan Kikuchi,m,袈裟の良人,The husband in the Buddhist robe,play
渡,なに！ 酒をくれと云ふか。これは、面白い！ そなたが酒を過すのは初てぢや。さあ、俺わしが注いでやらう。なみ／＼と飮んでみい。,m,Kan Kikuchi,m,袈裟の良人,The husband in the Buddhist robe,play
袈裟,（耻しげに杯を、口に運ぶ）…………。,f,Kan Kikuchi,m,袈裟の良人,The husband in the Buddhist robe,play
渡,おゝ、そなたのその初々しい手振で、新婚の夜をはしなくも思ひ起したよ。あの時も、そなたはそのやうに、耻しさうな手付で、杯を取つたわ。あの時は、今よりはもつと小さかつた。掌上に舞ふ美人とはそなたのことかと思ふ程ぢやつた。あの時から、四年經つ！ が樂しい月日は、ホンに夢のやうに過ぐるものぢや。まだ一月か二月のやうにしか思はれぬ。そなたと十年も廿年も百年も千年も、かうして暮しても飽きるときは、あらじと思はれる！,m,Kan Kikuchi,m,袈裟の良人,The husband in the Buddhist robe,play
袈裟,（默つてゐる、そしてかすかに／＼すゝり泣いてゐる）…………。,f,Kan Kikuchi,m,袈裟の良人,The husband in the Buddhist robe,play
渡,おゝ何ぢや、何をすゝりないてゐるのぢや。男の中の果報者と欣んでゐる渡の女房たる汝そなたが、何が悲しうて、泣くのぢや。,m,Kan Kikuchi,m,袈裟の良人,The husband in the Buddhist robe,play
袈裟,お情が身に浸みてうれしいのでござります。,f,Kan Kikuchi,m,袈裟の良人,The husband in the Buddhist robe,play
渡,いやうれしいのは俺ぞ。洛中一の美しい女房と呼ばれるそなたを、妻に持つ俺はうれしいのぢや。あはゝ、月は朧にかすんでゐるが、俺の心は欣びで、晴れ渡つてゐる。たゞ、御身がそのやうに、沈んでゐるのが、ちと氣懸りな丈ぢや。仔細はない！ そなたの心のこだはりを吐いて見てはどうぢや。,m,Kan Kikuchi,m,袈裟の良人,The husband in the Buddhist robe,play
袈裟,（默つてさしうつむいてゐる）…………。,f,Kan Kikuchi,m,袈裟の良人,The husband in the Buddhist robe,play
渡,それ御覽！ 何かあるのに極つたではないか。さあ云うて見やれ云うて見やれ！,m,Kan Kikuchi,m,袈裟の良人,The husband in the Buddhist robe,play
袈裟,それでは申し上げませうか。,f,Kan Kikuchi,m,袈裟の良人,The husband in the Buddhist robe,play
渡,（華やかに笑ふ）はあゝゝ。それ御覽！ 俺の云ふのが當つたではないか。とてもの事に、話の仔細を當てゝ見ようか。,m,Kan Kikuchi,m,袈裟の良人,The husband in the Buddhist robe,play
袈裟,（少し駭きながらも）はい！ 當てゝ御覽じませ。,f,Kan Kikuchi,m,袈裟の良人,The husband in the Buddhist robe,play
渡,はて、衣川殿からの餘儀ない無心ではないか。黄金の無心か、それとも小袖の無心か。,m,Kan Kikuchi,m,袈裟の良人,The husband in the Buddhist robe,play
袈裟,（やゝ悲しげに）いゝえ。さうではござりませぬ。,f,Kan Kikuchi,m,袈裟の良人,The husband in the Buddhist robe,play
渡,はて、それでは熊野か高野か、遠い旅路に伴をせいと云はれて、俺がゆるすまいと思つて、ふさいでゐるのではないか。,m,Kan Kikuchi,m,袈裟の良人,The husband in the Buddhist robe,play
袈裟,（いよ／＼悲しげに［＃「いよ／＼悲しげに」は底本では「いよ悲／＼しげに」］）いゝえ。さうでもござりませぬ。,f,Kan Kikuchi,m,袈裟の良人,The husband in the Buddhist robe,play
渡,はて、それでは思案に盡きたぞ。云うてくれ。まさか、母御前が、俺からそなたを取り返して、仇し男にやらうと云ふのではあるまいな。,m,Kan Kikuchi,m,袈裟の良人,The husband in the Buddhist robe,play
袈裟,（悲しげに首を振る）…………,f,Kan Kikuchi,m,袈裟の良人,The husband in the Buddhist robe,play
渡,云うて見てくれ。袈裟！,m,Kan Kikuchi,m,袈裟の良人,The husband in the Buddhist robe,play
袈裟,（悲しげに暫らく默してゐた後）まことは、今日母の家で、陰陽師おんめうしに逢ひました。,f,Kan Kikuchi,m,袈裟の良人,The husband in the Buddhist robe,play
渡,陰陽師にとな。,m,Kan Kikuchi,m,袈裟の良人,The husband in the Buddhist robe,play
袈裟,はい！,f,Kan Kikuchi,m,袈裟の良人,The husband in the Buddhist robe,play
渡,（やゝ氣づかはしげに）それが、如何いたしたのぢや。,m,Kan Kikuchi,m,袈裟の良人,The husband in the Buddhist robe,play
袈裟,陰陽師が、妾の顏を、ぢいと見てゐましたが、やがて申しますのには、おん身には、危難が迫つてゐると、斯樣に申すのでございます。,f,Kan Kikuchi,m,袈裟の良人,The husband in the Buddhist robe,play
渡,はて、それは名もない似非陰陽師えせおんめうしであらう。あられもない事云うて、人の心をまどはさうとするのであらう。かまへて心に留めらるゝな。,m,Kan Kikuchi,m,袈裟の良人,The husband in the Buddhist robe,play
袈裟,似非陰陽師とも申せませぬ。母が、かね／″＼［＃「かね／″＼」は底本では「かね／＼」］歸依しまする安倍の清季どのでござりまする。,f,Kan Kikuchi,m,袈裟の良人,The husband in the Buddhist robe,play
渡,はて、それは氣にかゝる事ぢや。して、その危難を逃れるには、加持祈祷をせよと云ふのか、それとも、物忌して御經をでも讀めと云ふのか。,m,Kan Kikuchi,m,袈裟の良人,The husband in the Buddhist robe,play
袈裟,清季どのの仰せらるゝには、夫婦の臥床が惡いと申すのでござります。,f,Kan Kikuchi,m,袈裟の良人,The husband in the Buddhist robe,play
渡,はて、それはたあいもない。童騙しのやうな事を云はるるな。惡いとは、どうわるいのぢや。,m,Kan Kikuchi,m,袈裟の良人,The husband in the Buddhist robe,play
袈裟,妾に、三七日の間、家の南に當つて寢よとかう申すのでござります。,f,Kan Kikuchi,m,袈裟の良人,The husband in the Buddhist robe,play
渡,はて、それはたやすい事ぢや。家の南に當ると云へば、この俺の室ぢやなう。,m,Kan Kikuchi,m,袈裟の良人,The husband in the Buddhist robe,play
袈裟,はい。,f,Kan Kikuchi,m,袈裟の良人,The husband in the Buddhist robe,play
渡,はあゝゝ。それならば、今日からでも寢るとよい。何よりも、たやすい戒行ぢや。あはゝゝゝそなたの心がゝりと云ふのは、これほどの事であつたのか。おゝ可愛い女ぢや。そなたは、いつもそのやうな、たあいもない事で心を苦しめてゐるなう。,m,Kan Kikuchi,m,袈裟の良人,The husband in the Buddhist robe,play
袈裟,（寂しく微笑す）…………。,f,Kan Kikuchi,m,袈裟の良人,The husband in the Buddhist robe,play
渡,おゝそなたは、やつと笑顏を見せたな。もつと華やいでくれ。そなたの心がかりも、今は晴れたであらうほどに、もう、一杯過して見い。,m,Kan Kikuchi,m,袈裟の良人,The husband in the Buddhist robe,play
袈裟,はい。いたゞきます。,f,Kan Kikuchi,m,袈裟の良人,The husband in the Buddhist robe,play
渡,臥床を變へる丈で防ぎ得る危難なら、清水詣の途中に、石につまづくほどの災難であらうなう。でも、そなたの身には、それほどの災難もあらせたうはない！ 眼には、塵一つは入るな。頬には羽蟲一つ觸れるな。そのやうにまで、思うてゐるぞ！,m,Kan Kikuchi,m,袈裟の良人,The husband in the Buddhist robe,play
袈裟,（思はずわーつと泣き伏す）…………。,f,Kan Kikuchi,m,袈裟の良人,The husband in the Buddhist robe,play
渡,（いざり寄つて掻き抱く）袈裟！ まだ何が悲しいのぢや。,m,Kan Kikuchi,m,袈裟の良人,The husband in the Buddhist robe,play
袈裟,いゝえ何も悲しいのではござりませぬ。たゞお情が身にしみて嬉しいのでござります。,f,Kan Kikuchi,m,袈裟の良人,The husband in the Buddhist robe,play
渡,そなたは、今宵氣が疲れてゐると見え、取りわけて涙脆い！ あまり、心を使はずに、もう下つて休むといゝ。（ふと氣が付いて）おゝ、これは違つた。安倍清季の考文かんもんに依つて、今宵からそなたと俺とは、臥床を換へるのであつたな。下らなければならぬのは、俺だつた。（渡、快活に立ち上らうとする）,m,Kan Kikuchi,m,袈裟の良人,The husband in the Buddhist robe,play
袈裟,はて、お待ち遊ばせ。今しばらくのお名殘りを。,f,Kan Kikuchi,m,袈裟の良人,The husband in the Buddhist robe,play
渡,一家の裡に、別れ伏すにさへ名殘りを惜しみたいと云ふのか、はて可愛い女ぢやのう。,m,Kan Kikuchi,m,袈裟の良人,The husband in the Buddhist robe,play
渡,雁が鳴き渡つてゐるなう。,m,Kan Kikuchi,m,袈裟の良人,The husband in the Buddhist robe,play
袈裟,これから、いよ／＼花が盛らうとしますのに、花に背いて雁は何處に行かうとするのでござりませう。,f,Kan Kikuchi,m,袈裟の良人,The husband in the Buddhist robe,play
渡,はて、それは俺には分らぬ、雁の心に訊いて見る外はない。,m,Kan Kikuchi,m,袈裟の良人,The husband in the Buddhist robe,play
袈裟,雁も自分の［＃「自分の」は底本では「自介の」］思ひ通りに飛ぶのでござりませうか。,f,Kan Kikuchi,m,袈裟の良人,The husband in the Buddhist robe,play
渡,知れたことぢや、生しやうがあるものには、銘々の心がある！ （空を仰ぐ）しきりに鳴き渡るなう。「朧夜に影こそ見えね鳴く雁の……」無風流の俺には、下の句がつゞかぬ。うむ、もう寢よう。春とは云へ、夜が更けると、袖袂が冷えて來る。それでは、袈裟！ 女めの童わらはを呼んで、臥床を取らせるがよい。,m,Kan Kikuchi,m,袈裟の良人,The husband in the Buddhist robe,play
袈裟,今しばらく、お待ち遊ばしませ。,f,Kan Kikuchi,m,袈裟の良人,The husband in the Buddhist robe,play
渡,はて、今宵に限つて、何故そのやうに止め立てするのぢや。明日の日がないと云ふではなし。そなたと俺の間には、いつまでもいつまでも樂しい日がつゞくのぢや。今日ばかり、名殘りを惜しんで何にするのぢや。明日、天氣さへよければ御室あたりの花のたよりでも、訊かせ見よう。おやすみ！ 袈裟。,m,Kan Kikuchi,m,袈裟の良人,The husband in the Buddhist robe,play
袈裟,妾をあんなに、愛して下さる渡どのを、あざむいて臥床を換へた丈でも、空恐しい氣がする。でも、妾の悲しい志を知つて下すつたら、きつと妾の罪を許して下さるに違ない。妾はかうするより外に、手段がないのだもの。夫に、事情を話す。妾を、眸のやうに愛してゐて下さる夫は、火のやうに怒られるのに違ない。そして、あの恐しい盛遠と夫とは、戰はれるに違ない。おやさしい渡どのが、何うして、あの鬼のやうに恐しい盛遠に、刄向ふことが出來やう。夫を殺した盛遠は、母御前も、安穩にして置く筈はない。母御前を殺した後に、きつと妾を……。妾は始から呪はれてゐたのぢや。渡邊橋の橋供養で、あの横道者に見染められたときから、妾の運は定まつてゐたのぢや。……。,f,Kan Kikuchi,m,袈裟の良人,The husband in the Buddhist robe,play
袈裟,「袈裟を得させよ。否とあらば、おん身を刺して、俺も死なうよ」と、盛遠は、毎日のやうに、母御前を責めさいなんでゐると云ふ。弱い母御前は、狂ふやうになつて居られる。でも、妾が何うして操を二つにすることが出來よう。渡どのゝ眼を忍んで、どうして怖しい褄重ねが出來よう。今日、あの非道者は、妾の胸にも白刄を差し付けて、われに靡け、否と云はゞ御身はもとより、母御前も渡どのも一つ刄に、刺し貫いて呉るゝぞと云つた。あの非道者は、言葉の通りに行ふ者ぢやと、皆に怖れられてゐる。妾が、否と云ふならば、どんな怖しいことが［＃「怖しいことが」は底本では「怖しかことが」］起るかも知れない…………。,f,Kan Kikuchi,m,袈裟の良人,The husband in the Buddhist robe,play
袈裟,（髮を櫛つた後、男風に結んでゐる）妾は、その時に死んで、操を守らうと心を決めたのぢや。今宵、忍んで渡どのを殺してくれ、渡どのさへ世にないならば、快くおん身に靡かうと、妾は怖しい言葉を、口に上せたのぢや…………。,f,Kan Kikuchi,m,袈裟の良人,The husband in the Buddhist robe,play
袈裟,それにしても、おなつかしいは渡どのぢや。妾のそら言を、まことのやうに聽きなされて、何事もなく臥床を換へて、休すんで下された。何物に代へても、妾を愛して下さるお心が、日の光のやうに、身にしみじみと感ぜられる。あれほど、おやさしい渡どのに、分れまゐらせることを考へると、腸はらわたが斷々きれ／″＼になるやうに悲しい。でも、夫の身に代つて、死ぬることを考へると、それは悲しみの裡の欣びぢや。最愛の夫の命に換る。女の死に方の中で、こんな欣ばしい死に方が、またとあるかしら………。,f,Kan Kikuchi,m,袈裟の良人,The husband in the Buddhist robe,play
袈裟,おゝ、月に雲がかゝつたと見え、庭の表が急に暗うなつた。九つと云つたからもう、ほどなく忍んで來るだらう。夫のために、身を捨てるのだと思ふと、心が水のやうに澄んで來る。澄んだ心の裡に、ほの／″＼とした明りが射して來るやうな氣さへする。南無阿彌陀佛！ 南無阿彌陀佛！,f,Kan Kikuchi,m,袈裟の良人,The husband in the Buddhist robe,play
袈裟,南無阿彌陀佛！ 南無阿彌陀佛！,f,Kan Kikuchi,m,袈裟の良人,The husband in the Buddhist robe,play
盛遠,えゝつ！,m,Kan Kikuchi,m,袈裟の良人,The husband in the Buddhist robe,play
盛遠,やゝこれは、袈裟！,m,Kan Kikuchi,m,袈裟の良人,The husband in the Buddhist robe,play
盛遠,うゝむ。さては、袈裟御前に計られたか。渡を打たすと、われを詐り、眞は夫の身代りに、身を捨てたな。,m,Kan Kikuchi,m,袈裟の良人,The husband in the Buddhist robe,play
盛遠,口惜しや盛遠が、一期の不覺。,m,Kan Kikuchi,m,袈裟の良人,The husband in the Buddhist robe,play
盛遠,戀慕の闇に、迷い不覺にも、可愛いと思ふ女子を、打つて捨つるとは、われながらあさましや。云はうやうなき狼狽者うろたへものぢや。,m,Kan Kikuchi,m,袈裟の良人,The husband in the Buddhist robe,play
盛遠,（苦悶から悔悟にうつり、やゝ理性の光が歸つて來る。）さるにても、この女をなご！ いみじくも死に居つたな。夫を助け操を守る一念よりいみじくも思ひ切つたな。…………。,m,Kan Kikuchi,m,袈裟の良人,The husband in the Buddhist robe,play
盛遠,（つくづくと首を眺める！）おゝ何と云ふ神々しい死顏ぢや。言葉の通り、髮を洗うたばかりでなく、香までも※(「火＋（麈－鹿）」、第3水準1-87-40)きこめたな。み佛のやうな、この美しい面で、盛遠のあさましさを、笑ふと見えるな。主ある女に、横戀慕するみにくさを笑ふと見えるな。,m,Kan Kikuchi,m,袈裟の良人,The husband in the Buddhist robe,play
盛遠,（切りたる袈裟の首を、縁側の簀の子の上に置きながら地に手を突きて禮拜する）許して呉れい！ 袈裟どの。おん身戀しさの心から、あたら盛りの花を散らしてしまうた。やがて、冥府へ追ひ付いて詫をする！ しばらく待つて居て下されい！,m,Kan Kikuchi,m,袈裟の良人,The husband in the Buddhist robe,play
盛遠,やあ／＼。此の家の主、左衛門尉渡どのに、物申す。おん身が、最愛の夫人袈裟御前を打ち取つたる曲者茲に在り。はや／＼出合ひて首刎られい！,m,Kan Kikuchi,m,袈裟の良人,The husband in the Buddhist robe,play
盛遠,（一段と聲を張り上げる）やあ／＼渡どの。曲者が忍び入り、おん身が夫人、袈裟御前を手にかけしぞ。はや出で合うて、曲者が首刎られい！,m,Kan Kikuchi,m,袈裟の良人,The husband in the Buddhist robe,play
渡,袈裟どの。袈裟どの。何事ぢや！ 何事ぢや！,m,Kan Kikuchi,m,袈裟の良人,The husband in the Buddhist robe,play
渡,曲者！ 何奴ぢや。,m,Kan Kikuchi,m,袈裟の良人,The husband in the Buddhist robe,play
盛遠,おゝ待ち受けた渡どの。袈裟どのを手にかけた遠藤武者盛遠ぢや。立ち寄つて首刎ねい！,m,Kan Kikuchi,m,袈裟の良人,The husband in the Buddhist robe,play
渡,なに、なに汝は盛遠！ 汝が袈裟を手にかけたとは！,m,Kan Kikuchi,m,袈裟の良人,The husband in the Buddhist robe,play
盛遠,うむ！ その意趣も語らう。一部始終を語つてから、潔よくおん身の手にかからう。仔細はかうぢや。,m,Kan Kikuchi,m,袈裟の良人,The husband in the Buddhist robe,play
渡,云へ！ 云へ！ 仔細を。その素首そつくびの飛ばぬ間に、語れ。,m,Kan Kikuchi,m,袈裟の良人,The husband in the Buddhist robe,play
盛遠,（地上にうづくまりながら）元より、おん身の手にかゝるは覺悟ぢや。さるにても、袈裟どのは、日本一の貞女よな。,m,Kan Kikuchi,m,袈裟の良人,The husband in the Buddhist robe,play
渡,なに貞女とは！,m,Kan Kikuchi,m,袈裟の良人,The husband in the Buddhist robe,play
盛遠,渡どの。仔細はかうぢや。去る彌生五日の事よ。攝津渡邊の莊しやう渡邊橋の橋供養に、我は奉行に務めて、群衆警衞の任に當りしが、供養も果てゝ人々家路に急ぐとき、橋の袂の棧敷より降り立ちて、輿に乘りたる女房の、年は二八と見えて、玉の如くにあでやかなる面影に、忽ち戀慕の心湧いて、あれは何人ぞと、傍の雜人ざふにんに訊きたるに、あれこそは衣川殿の愛子まなごにて、左衛門尉渡どのの［＃「左衛門尉渡どのの」は底本では「左衛門尉渡とのの」］北の方、袈裟御前にて候との答なりし。,m,Kan Kikuchi,m,袈裟の良人,The husband in the Buddhist robe,play
渡,うゝむ。,m,Kan Kikuchi,m,袈裟の良人,The husband in the Buddhist robe,play
盛遠,袈裟ならばわれの從妹姉にて、我は丹波に養はれて、相見ることのなかりしが、かゝる女子を、族うからに持ちながら、人に奪らるゝことやある！ いで、取り返して、わが妻にせむ！ 一圖に思ひ切つては、鐵壁も避けぬ盛遠。忽ち、伯母御前なる、衣川殿を訪ねて、あさましや、白刄を伯母の胸に差し付け、袈裟を呉るるか命を呉るゝか、二つに一つと脅した。,m,Kan Kikuchi,m,袈裟の良人,The husband in the Buddhist robe,play
渡,うゝむ。,m,Kan Kikuchi,m,袈裟の良人,The husband in the Buddhist robe,play
盛遠,心弱き伯母御前は、心持死ぬべうや思はれけむ。ひたぶるに、袈裟御前の助けを乞うたのぢや。,m,Kan Kikuchi,m,袈裟の良人,The husband in the Buddhist robe,play
渡,うゝむ。,m,Kan Kikuchi,m,袈裟の良人,The husband in the Buddhist robe,play
盛遠,衣川殿の館にて、今日初て、袈裟御前に逢うたのぢや。人非人の盛遠は、忽ち刄を拔いて、袈裟御前の胸にもさしつけた！,m,Kan Kikuchi,m,袈裟の良人,The husband in the Buddhist robe,play
渡,えゝつ！ おのれ！ （憤然として盛遠をにらむ！）,m,Kan Kikuchi,m,袈裟の良人,The husband in the Buddhist robe,play
盛遠,その怒りは、尤もぢや。やがて、存分に晴すがよい！,m,Kan Kikuchi,m,袈裟の良人,The husband in the Buddhist robe,play
渡,刄を差しつけながら、汝は何と云うたのぢや。,m,Kan Kikuchi,m,袈裟の良人,The husband in the Buddhist robe,play
盛遠,我になびかばよし、否と云はゞ、おん身は元より、夫の渡、母の衣川、三人とも盛遠が嫉刀ねたはの錆にして呉れると！,m,Kan Kikuchi,m,袈裟の良人,The husband in the Buddhist robe,play
渡,えゝつ、非道の盛遠め。して、して、袈裟は何と答へたのぢや！（半身を乘り出す。）,m,Kan Kikuchi,m,袈裟の良人,The husband in the Buddhist robe,play
盛遠,われに、靡びくと答へられた！,m,Kan Kikuchi,m,袈裟の良人,The husband in the Buddhist robe,play
渡,（愕然として、刀の柄を握りしめる！）なに、なに汝になびくとな！,m,Kan Kikuchi,m,袈裟の良人,The husband in the Buddhist robe,play
盛遠,駭かれな渡どの。なびくと云ふは、貞女の誠から出た僞りぢや。袈裟どのの云はるゝに、夫渡の在らんほどは、心にまかせじ、今宵忍んで、渡を打て！ 夫なき後は、御身の心次第と。,m,Kan Kikuchi,m,袈裟の良人,The husband in the Buddhist robe,play
渡,な、な、なに。,m,Kan Kikuchi,m,袈裟の良人,The husband in the Buddhist robe,play
盛遠,夫の臥床は、南の寢殿。夫に勸めて髮を洗はせて置くほどに、濡れた,m,Kan Kikuchi,m,袈裟の良人,The husband in the Buddhist robe,play
義助,（姿は見えないで）義よしめ、また屋根へ上っとるんやな。こなにかんかん照っとるのに、暑気あつけするがなあ。,m,Kan Kikuchi,m,屋上の狂人,The madman on the roof,play
吉治,（右手から姿を現す）へえなんぞ御用ですか。,m,Kan Kikuchi,m,屋上の狂人,The madman on the roof,play
義助,義太郎よしたろうを降してくれんか。こんなに暑い日に帽子も被らんで、暑気あつけがするがなあ。どこから屋根へ上るんやろ。この間いうた納屋なやのところは針金を張ったんやろな。,m,Kan Kikuchi,m,屋上の狂人,The madman on the roof,play
吉治,そらもう、ちゃんとええようにしてありますんや。,m,Kan Kikuchi,m,屋上の狂人,The madman on the roof,play
義助,（竹垣の折戸から舞台へ出て来ながら、屋根を見上げて）あなに焼石のような瓦の上に座って、なんともないんやろか。義太郎！ 早う降りて来い。そなな暑い所におったら暑気して死んでしまうぞ。,m,Kan Kikuchi,m,屋上の狂人,The madman on the roof,play
吉治,若旦那！ 降りとまあせよ。そなな所におったら身体のどくやがなあ。,m,Kan Kikuchi,m,屋上の狂人,The madman on the roof,play
義助,義やあ、早う降りて来んかい。何しとんやそなな所で。早う降りんかい、義やあ！,m,Kan Kikuchi,m,屋上の狂人,The madman on the roof,play
義太郎,（けろりとしたまま）何や。,m,Kan Kikuchi,m,屋上の狂人,The madman on the roof,play
義助,何やでないわい。早う降りて来いよ。お日さんにかんかん照り付けられて、暑気するがなあ。さあ、すぐ降りて来い。降りて来んと下から竿でつつくぞう。,m,Kan Kikuchi,m,屋上の狂人,The madman on the roof,play
義太郎,（駄々をこねるように）厭やあ、面白いことがありよるんやもの。金比羅こんぴらさんの天狗てんぐさんの正念坊しょうねんぼうさんが雲の中で踊っとる。緋ひの衣を着て天人様と一緒に踊りよる。わしに来い来いいうんや。,m,Kan Kikuchi,m,屋上の狂人,The madman on the roof,play
義助,阿呆なこというない。お前にとりついとる狐が誑だましよるんやがなあ。降りんかい。,m,Kan Kikuchi,m,屋上の狂人,The madman on the roof,play
義太郎,（狂人らしい欣びに溢れて）面白うやりよるわい。わしも行きたいなあ。待っといで、わしも行くけになあ。,m,Kan Kikuchi,m,屋上の狂人,The madman on the roof,play
義助,そななことをいうとると、またいつかのように落ち崩くじるぞ。気違いの上にまた片輪にまでなりゃがって、親に迷惑ばっかしかけやがる。降りんかい阿呆め。,m,Kan Kikuchi,m,屋上の狂人,The madman on the roof,play
吉治,旦那さん、そんなに怒ったって、相手が若旦那やもの効くもんですか。それよりか、若旦那の好きなあぶらげを買うて来ましょうか。あれを見せたらすぐ降りるけに。,m,Kan Kikuchi,m,屋上の狂人,The madman on the roof,play
義助,それより竿で突ついてやれ、かまやせんわい。,m,Kan Kikuchi,m,屋上の狂人,The madman on the roof,play
吉治,そななむごいことができるもんな。若旦那は何も知らんのや。皆憑ついている者がさせておるんやけに。,m,Kan Kikuchi,m,屋上の狂人,The madman on the roof,play
義助,屋根のぐるりに忍び返しをつけたらどうやろうな、どうしても上れんように。,m,Kan Kikuchi,m,屋上の狂人,The madman on the roof,play
吉治,どななことしても若旦那には効き目がありゃしません。本伝寺ほんでんじの大屋根へ足場なしに上るんやもの、こなな低い屋根やこしはお茶の子や。憑ついとる者が上らせるんやけに、どうしたって効きゃせん。,m,Kan Kikuchi,m,屋上の狂人,The madman on the roof,play
義助,そうやろうかな。あいつには往生するわい。気違いでも家の中にじっとしとるんならええけれど、高い所へばっかし上りゃがって、まるで自分の気違いを広告しとるようなもんや。勝島の天狗てんぐ気違いというたら、高松へまで噂がきこえとるいうて末がいいよって。,m,Kan Kikuchi,m,屋上の狂人,The madman on the roof,play
吉治,島の人は狐がとり憑ついとるいうけれど、俺は合点がてんがいかんがなあ。狐が木登りするということはきいたことがないけになあ。,m,Kan Kikuchi,m,屋上の狂人,The madman on the roof,play
義助,俺もそう思うとんや。俺の心当りは別にあるんや。義の生れる時にな、俺はその時珍しい舶来の元込銃もとごめじゅうでな、この島の猿を片っ端しから撃ち殺したんや。その猿が憑いとるんや。,m,Kan Kikuchi,m,屋上の狂人,The madman on the roof,play
吉治,そうやろうな。それでなけりゃ、あなに木登りのおたっしゃなわけはないからな。足場があろうがあるまいが、どなな所へでも上るんやけにな。梯子はしご乗りの上手な作さくでも、若旦那にはかなわんいいよりますわい。,m,Kan Kikuchi,m,屋上の狂人,The madman on the roof,play
義助,（苦笑して）阿呆なことをいうない。屋根へばかり上っとる息子を持った親になってみい。およしでも俺でも始終あいつのことを苦にしとんや。（再び声を張り上げて）義太郎！ 早う降りて来んかい。義太郎！ 降りんかい。……屋根へ上っとると人の声はきこえんのや、まるで夢中になっとるんや。あいつが上って困るんで、家の木はみんな伐ってしまったけんど、屋根ばかりはどうすることもできんわい。,m,Kan Kikuchi,m,屋上の狂人,The madman on the roof,play
吉治,私の小さい頃には、御門の前に高い公孫樹いちょうがござんしたなあ。,m,Kan Kikuchi,m,屋上の狂人,The madman on the roof,play
義助,うむ、あの木かい。あれは島中の目印になった木やがな。いつであったか、あの木のてっぺんへ義太郎が上ってな、十四、五間もある上でぱかんと枝の上に腰かけているやないか。俺もおよしもあいつの命はないもんやと思ってあきらめていると、またするする降りて来てな、皆あきれてものがいえなかったんや。,m,Kan Kikuchi,m,屋上の狂人,The madman on the roof,play
吉治,ヘへえ。まるで人間業わざでござんせんな。,m,Kan Kikuchi,m,屋上の狂人,The madman on the roof,play
義助,だから俺あ猿が憑ついとると思うんや。（声をあげて）義やあ、降りんかい。（ふと、気を変えて）吉治！ お前上ってくれんかい。,m,Kan Kikuchi,m,屋上の狂人,The madman on the roof,play
吉治,けど人が上ると、若旦那はきつうお腹を立てるけんな。,m,Kan Kikuchi,m,屋上の狂人,The madman on the roof,play
義助,ええわ、怒ってもええわい。上って引っ張り降してこい。,m,Kan Kikuchi,m,屋上の狂人,The madman on the roof,play
吉治,へいへい。,m,Kan Kikuchi,m,屋上の狂人,The madman on the roof,play
藤作,旦那さん、今日は。,m,Kan Kikuchi,m,屋上の狂人,The madman on the roof,play
義助,やあ、ええ天気やな。昨日降した網はどうやったな、大小かかったかな。,m,Kan Kikuchi,m,屋上の狂人,The madman on the roof,play
藤作,根っからかかりゃしまへなんだわ、もうちっと季しゅんが過ぎとるけにな。,m,Kan Kikuchi,m,屋上の狂人,The madman on the roof,play
義助,そうやろうな、もうちっと遅いわい。もう鰆さわらがとれ出すな。,m,Kan Kikuchi,m,屋上の狂人,The madman on the roof,play
藤作,昨日清吉せいきちの網に二、三本かかりましたわい。,m,Kan Kikuchi,m,屋上の狂人,The madman on the roof,play
義助,そうけい。,m,Kan Kikuchi,m,屋上の狂人,The madman on the roof,play
藤作,（義太郎を見て）また若旦那は屋根でござんすか。,m,Kan Kikuchi,m,屋上の狂人,The madman on the roof,play
義助,そうや、あいかわらず上っとるわい。上げとうはないんやけど、座敷牢の中へ入れとくと水を離れた船のようにしているんでな。ついむごうなって出してやるとすぐ屋根や。,m,Kan Kikuchi,m,屋上の狂人,The madman on the roof,play
藤作,けど若旦那のようなのは、傍はたの迷惑にならんけによござんすわな。,m,Kan Kikuchi,m,屋上の狂人,The madman on the roof,play
義助,あんまり迷惑にならんこともないでな。親兄弟の恥になるでな、こなに高い所に上って、おらんでいるとなあ。,m,Kan Kikuchi,m,屋上の狂人,The madman on the roof,play
藤作,けど弟さんの末すえさんが町の学校でようできるんやけに、旦那もあきらめがつくというもんやな。,m,Kan Kikuchi,m,屋上の狂人,The madman on the roof,play
義助,末次郎すえじろうが人並にできるんで、わしも辛抱しとんや。二人とも気違いであったら生きとる甲斐がないがな。,m,Kan Kikuchi,m,屋上の狂人,The madman on the roof,play
藤作,実はな、旦那さん。よく効く巫女みこさんが昨日から島へ来とるんでな。若旦那も一ぺん御祈祷ごきとうしてもろうたら、どうやろうと思うて来ましたんやがな。,m,Kan Kikuchi,m,屋上の狂人,The madman on the roof,play
義助,そうけ。けど御祈祷しても今までなんべん受けたかわからんけどもな、ちょっとも効かんでな。,m,Kan Kikuchi,m,屋上の狂人,The madman on the roof,play
藤作,今度ござらっしゃったのは金比羅こんぴらさんの巫女さんで、あらたかなもんやってな。神さまが乗りうつるんやていうから、山伏やまぶしの祈祷とは違うてな、試してみたらどんなもんですやろ。,m,Kan Kikuchi,m,屋上の狂人,The madman on the roof,play
義助,そうやなあ。御礼はどのくらい要るもんやろ。,m,Kan Kikuchi,m,屋上の狂人,The madman on the roof,play
藤作,治らな要らんいうておりますでなあ。治ったら応分に出せいうとります。,m,Kan Kikuchi,m,屋上の狂人,The madman on the roof,play
義助,末次郎は、御祈祷やこし効くもんかいうとるけど、損にならんことやけに頼んでみてもええがなあ。,m,Kan Kikuchi,m,屋上の狂人,The madman on the roof,play
藤作,そんなら私は、金吉のところにいる巫女さんを呼んできますけにな。若旦那を降しといておくれやす。,m,Kan Kikuchi,m,屋上の狂人,The madman on the roof,play
義助,お苦労様やなあ。そんならええように頼んまっせ。,m,Kan Kikuchi,m,屋上の狂人,The madman on the roof,play
吉治,（屋根へ上ってしまって）さあ若旦那、私と一緒に降りましょう。こなな所にいると晩には大熱が出るからな。,m,Kan Kikuchi,m,屋上の狂人,The madman on the roof,play
義太郎,（外道げどうが近寄るのを恐れる仏徒のように）嫌やあ。天狗様が皆わしにおいでおいでをしとる。お前やこしの来る所じゃないぞ、なんと思うとるんや。,m,Kan Kikuchi,m,屋上の狂人,The madman on the roof,play
吉治,阿呆なこといわんと、さあ降りまあせ。,m,Kan Kikuchi,m,屋上の狂人,The madman on the roof,play
義太郎,わしにちょっとでも触ると天狗さまに引き裂かれるぞ。,m,Kan Kikuchi,m,屋上の狂人,The madman on the roof,play
吉治,（義太郎に急に迫って、その肩口を捕えながら下の方へ引下ろす。義太郎は捕えられてからはほとんどなんの抵抗もしない）さあ荒ばれると怪我をなさりまっせ。,m,Kan Kikuchi,m,屋上の狂人,The madman on the roof,play
義助,気付けて降すんやぜ。,m,Kan Kikuchi,m,屋上の狂人,The madman on the roof,play
吉治,（義太郎を先に立てながら降りてくる。義太郎の右の足は負傷のため跛びっこになっている）巫女さんいうても、ちょっとも効かんやつもござんすからなあ。,m,Kan Kikuchi,m,屋上の狂人,The madman on the roof,play
義助,義はよう金比羅さんの神さんと話しするいうけになあ。金比羅さんの巫女さんいうたら、効くかも知れんと思うてな。（声を張り上げて）およしや、ちょっと出て来いよ。,m,Kan Kikuchi,m,屋上の狂人,The madman on the roof,play
およし,（内部にて）なんぞ用け。,f,Kan Kikuchi,m,屋上の狂人,The madman on the roof,play
義助,巫女さんを頼んだんやがなあ、どうやろう。,m,Kan Kikuchi,m,屋上の狂人,The madman on the roof,play
およし,（折戸から出て来る）そらええかも知れん。どななことでひょいと治るかも知れんけにな。,f,Kan Kikuchi,m,屋上の狂人,The madman on the roof,play
義太郎,（不満な顔色にて）お父とう、どうしたから降すんや。今ちょうど俺を迎えに五色の雲が舞い下るところであったんやのに。,m,Kan Kikuchi,m,屋上の狂人,The madman on the roof,play
義助,阿呆！ いつかも五色の雲が来たいいよって屋根から飛んだんやろう。それでその通り片輪になっとるんや。今日は金比羅さんの巫女さんが来て、お前に患いとるものを追い出してくれるんやけに、屋根へ上らんと待っているんやぞ,m,Kan Kikuchi,m,屋上の狂人,The madman on the roof,play
藤作,旦那さん、これがさっきいうた巫女さんや。,m,Kan Kikuchi,m,屋上の狂人,The madman on the roof,play
義助,やあ今日は、ようおいで下されました。どうも困ったやつでござんしてな、あなた、まったく親兄弟の恥さらしでな。,m,Kan Kikuchi,m,屋上の狂人,The madman on the roof,play
巫女,（無造作に）なにあなた様、心配せんかって私が神さんの御威徳ですぐ治してあげますわ。（義太郎の方を向きながら）この御方でござんすか。,f,Kan Kikuchi,m,屋上の狂人,The madman on the roof,play
義助,左様でござんす。もう二十四になりますのにな、高い所へ上るほかは何一つようしませんのや。,m,Kan Kikuchi,m,屋上の狂人,The madman on the roof,play
巫女,いつからこんな御病気でござんしたかな。,f,Kan Kikuchi,m,屋上の狂人,The madman on the roof,play
義助,もう生れついてのことでござんしてな。小さい時から高い所へ上りたがって、四つ五つの頃には床の間へ上る、御仏壇へ上る、棚の上に上る、七つ八つになると木登りを覚える、十五、六になると山のてっぺんへ上って一日降りて来ませんのや。それで天狗様やとか神様やとかそんなもんと話しているような独り言を絶えずいうとりますのや。一体どうしたわけでござんしょうな。,m,Kan Kikuchi,m,屋上の狂人,The madman on the roof,play
巫女,やっぱり狐が憑いとるのに違いござんせん。どれ私が御祈祷をして上げます。,f,Kan Kikuchi,m,屋上の狂人,The madman on the roof,play
義太郎,（不満な顔をして）金比羅の神さんいうて、お前会うたことがあるけ？,m,Kan Kikuchi,m,屋上の狂人,The madman on the roof,play
巫女,（にらんで）何を失礼なことをいうのじゃ、神様のお姿が目に見えるもんか。,f,Kan Kikuchi,m,屋上の狂人,The madman on the roof,play
義太郎,（得意そうに）俺は何遍も会うとるわい。金比羅さんは白い着物を着て金の冠を被っとるおじいさんや。俺といちばん仲のええ人や。,m,Kan Kikuchi,m,屋上の狂人,The madman on the roof,play
巫女,（上手に出られたのでやや狼狽しながら、義助の方を見て）これは狐憑きもひどい狐憑きじゃ。どれ私が神に伺ってみる。,f,Kan Kikuchi,m,屋上の狂人,The madman on the roof,play
巫女,（以前とはまったく違った声音で）我は当国象頭山しょうずざんに鎮座する金比羅大権現なるぞ。,f,Kan Kikuchi,m,屋上の狂人,The madman on the roof,play
皆,（義太郎を除いて皆腰を屈めて）へへっ。,m,Kan Kikuchi,m,屋上の狂人,The madman on the roof,play
巫女,（荘厳に）この家の長男には鷹の城山の狐が憑いている。木の枝に吊しておいて青松葉で燻くすべてやれ。わしの申すこと違たがうにおいては神罰立ち所に至るぞ。（巫女ふたたび昏倒する）,f,Kan Kikuchi,m,屋上の狂人,The madman on the roof,play
皆,へへっ。,m,Kan Kikuchi,m,屋上の狂人,The madman on the roof,play
巫女,（再び立ち上りながら空とぼけたように）なんぞ神さまがおっしゃりましたか。,f,Kan Kikuchi,m,屋上の狂人,The madman on the roof,play
義助,どうもあらたかなことでござんした。,m,Kan Kikuchi,m,屋上の狂人,The madman on the roof,play
巫女,神様のおっしゃったことは、早速なさらんとかえってお罰が当りますけに、念のために申しておきますぞ。,f,Kan Kikuchi,m,屋上の狂人,The madman on the roof,play
義助,（やや当惑して）吉治！ それなら青松葉を切って来んかな。,m,Kan Kikuchi,m,屋上の狂人,The madman on the roof,play
およし,なんぼ神さんのおっしゃることじゃいうて、そななむごいことができるもんかいな。,f,Kan Kikuchi,m,屋上の狂人,The madman on the roof,play
巫女,燻くすべられて苦しむのは憑いとる狐や。本人はなんの苦痛もござんせんな。さあ早く用意なさい。（義太郎の方を向いて）神様のお声をきいたか。苦しまぬ前に立ち去るがええぞ。,f,Kan Kikuchi,m,屋上の狂人,The madman on the roof,play
義太郎,金比羅さんの声はあなな声ではないわい。お前のような女子おなごを、神さんが相手にするもんけ。,m,Kan Kikuchi,m,屋上の狂人,The madman on the roof,play
巫女,（自尊心を傷つけられて）今に苦しめてやるから待っておれ。土狐の分際で神様に悪口を申しおるにくいやつじゃ。,f,Kan Kikuchi,m,屋上の狂人,The madman on the roof,play
巫女,神さんの仰せは大切に思わぬと罰が当りますぞ。,f,Kan Kikuchi,m,屋上の狂人,The madman on the roof,play
義太郎,お父とう何するんや、厭やあ、厭やあ。,m,Kan Kikuchi,m,屋上の狂人,The madman on the roof,play
巫女,それをその方の声じゃと思うと燻くすべにくい、皆狐の声じゃと思わないかん。そのお方を苦しめている狐を、苦しめると思うてやらないきません。,f,Kan Kikuchi,m,屋上の狂人,The madman on the roof,play
およし,なんぼなんでもむごいことやな。,f,Kan Kikuchi,m,屋上の狂人,The madman on the roof,play
末次郎,（母屋の内部から）お父さん、おたあさん、帰って来ましたぜ。,m,Kan Kikuchi,m,屋上の狂人,The madman on the roof,play
義助,（ちょっと狼狽して、義太郎を放してやる）末が帰って来た。日曜でないのにどうしたんやろ。,m,Kan Kikuchi,m,屋上の狂人,The madman on the roof,play
末次郎,どうしたんです、お父さん。,m,Kan Kikuchi,m,屋上の狂人,The madman on the roof,play
義助,（きまりわるそうに）ええ。,m,Kan Kikuchi,m,屋上の狂人,The madman on the roof,play
末次郎,どうしたんです、松葉なんか燻くすべて。,m,Kan Kikuchi,m,屋上の狂人,The madman on the roof,play
義太郎,（苦しそうに咳をしていたが、弟を見ると救い主を得たように）末か、お父や吉がよってたかって俺を松葉で燻くすべるんや。,m,Kan Kikuchi,m,屋上の狂人,The madman on the roof,play
末次郎,（ちょっと顔色を変えて）お父さん！ またこんなばかなことをするんですか。私があれほどいうといたじゃござんせんか。,m,Kan Kikuchi,m,屋上の狂人,The madman on the roof,play
義助,そやけどもな、あらたかな巫女さんに神さんが乗り移ってな。,m,Kan Kikuchi,m,屋上の狂人,The madman on the roof,play
末次郎,何をばかなことを。兄さんが理屈がいえんかってそななばかなことをして。,m,Kan Kikuchi,m,屋上の狂人,The madman on the roof,play
巫女,お待ちなさい。その火は神様の仰せで点ついとる火ですぞ。,f,Kan Kikuchi,m,屋上の狂人,The madman on the roof,play
末次郎,（冷笑しながら踏み消してしまう）……。,m,Kan Kikuchi,m,屋上の狂人,The madman on the roof,play
義助,（やや語気を変えて）末次郎！ 私はな、ちっとも学問がないもんやけにな、学校でようできるお前のいうことはなんでもきいとるけんどな、なんぼなんでも、かりにも神さんの仰せで点つけとる火やもの、足蹴にせんかってええやないか。,m,Kan Kikuchi,m,屋上の狂人,The madman on the roof,play
末次郎,松葉で燻くすべて何が治るもんですかい。狐を追い出すいうて、人がきいたら笑いますぜ。日本中の神さんが寄って来たとて、風邪一つ治るものじゃありません。こんな詐欺師のような巫女が、金ばかり取ろうと思って……。,m,Kan Kikuchi,m,屋上の狂人,The madman on the roof,play
義助,でもな、お医者さまでも治らんけんにな。,m,Kan Kikuchi,m,屋上の狂人,The madman on the roof,play
末次郎,お医者さんが治らんいうたら治りゃせん。それに私がなんべんもいうように、兄さんがこの病気で苦しんどるのなら、どななことをしても治してあげないかんけど、屋根へさえ上げといたら朝から晩まで喜びつづけに喜んどるんやもの。兄さんのように毎日喜んでいられる人が日本中に一人でもありますか。世界中にやってありゃせん。それに今兄さんを治してあげて正気の人になったとしたらどんなもんやろ。二十四にもなって何も知らんし、いろはのいの字も知らんし、ちっとも経験はなし、おまけに自分の片輪に気がつくし、日本中で恐らくいちばん不幸な人になりますぜ。それがお父さんの望みですか。なんでも正気にしたらええかと思って、苦しむために正気になるくらいばかなことはありません。（巫女を尻目にかけて）藤作さん、あなたが連れて来たのなら、一緒に帰って下さい。,m,Kan Kikuchi,m,屋上の狂人,The madman on the roof,play
巫女,（侮辱を非常に憤慨して）神のお告げをもったいなく取り扱うものには神罰立ち所じゃ。（呪文を唱えて以前のような身振りをなし一度昏倒した後立ち上る）我は金比羅大権現なるぞ、ただいま病人の弟の申せしこと皆己が利欲の心よりなり。兄の病気の回復するときは、この家の財産が皆兄の物となる故なり。夢疑うことなかれ。,f,Kan Kikuchi,m,屋上の狂人,The madman on the roof,play
末次郎,（奮然として巫女を突き倒し）何をぬかすんや、ばかっ！（二、三度蹴る）,m,Kan Kikuchi,m,屋上の狂人,The madman on the roof,play
巫女,（立ち上りながら急に元の様子になって）あいた！ 何するんや、無茶なことするない。,f,Kan Kikuchi,m,屋上の狂人,The madman on the roof,play
末次郎,詐欺め、かたりめ！,m,Kan Kikuchi,m,屋上の狂人,The madman on the roof,play
藤作,（二人を隔てながら）まあ坊ちゃん、お待ちなさい。そう腹を立ていでも。,m,Kan Kikuchi,m,屋上の狂人,The madman on the roof,play
末次郎,（まだ興奮している）ばかなことぬかしやがって！ 貴様のようなかたりに兄弟の情がわかるか。,m,Kan Kikuchi,m,屋上の狂人,The madman on the roof,play
藤作,さあ、一度引きとることにしましょう。俺があんたを連れて来たのが悪かったんや。,m,Kan Kikuchi,m,屋上の狂人,The madman on the roof,play
義助,（金を藤作に渡しながら）何分、まだ子供じゃけにどうぞ勘弁しておくれやす。あいつはどうも気が短うてな。,m,Kan Kikuchi,m,屋上の狂人,The madman on the roof,play
巫女,神さまが乗り移っている最中に私を足蹴にするような大それたやつは、今晩までの命も危ないぞ。,f,Kan Kikuchi,m,屋上の狂人,The madman on the roof,play
末次郎,何をぬかすんや。,m,Kan Kikuchi,m,屋上の狂人,The madman on the roof,play
およし,（末次郎をささえながら）黙っておいでよ。（巫女に）どうもお気の毒しましたや。,f,Kan Kikuchi,m,屋上の狂人,The madman on the roof,play
巫女,（藤作と一緒に去りながら）私を蹴った足から腐り始めるのや。（二人去る）,f,Kan Kikuchi,m,屋上の狂人,The madman on the roof,play
義助,（末次郎を見て）お前あななことをして、罰が当ることはないか。,m,Kan Kikuchi,m,屋上の狂人,The madman on the roof,play
末次郎,あんなかたりの女子に神さんが乗り移るもんですか。無茶な嘘をぬかしやがる。,m,Kan Kikuchi,m,屋上の狂人,The madman on the roof,play
およし,私は初めから怪しいやつじゃ思うとったんや、神さんやったらあななむごいこというもんけ。,f,Kan Kikuchi,m,屋上の狂人,The madman on the roof,play
義助,（なんの主張もなしに）そら、そうやな。でもな末！ お前、兄さん一生お前の厄介やぜ。,m,Kan Kikuchi,m,屋上の狂人,The madman on the roof,play
末次郎,何が厄介なもんですか。僕は成功したら、鷹の城山のてっぺんへ高い高い塔を拵こさえて、そこへ兄さんを入れてあげるつもりや,m,Kan Kikuchi,m,屋上の狂人,The madman on the roof,play
義助,それはそうと、義太郎はどこへ行ったやろ。,m,Kan Kikuchi,m,屋上の狂人,The madman on the roof,play
吉治,（屋根の上を指しながら）あそこへ行っとられます。,m,Kan Kikuchi,m,屋上の狂人,The madman on the roof,play
義助,（微笑して）あいかわらずやっとるのう。,m,Kan Kikuchi,m,屋上の狂人,The madman on the roof,play
末次郎,普通の人やったら、燻くすべられたらどなに怒るかも知れんけど、兄さんは忘れとる、兄さん！,m,Kan Kikuchi,m,屋上の狂人,The madman on the roof,play
義太郎,（狂人の心にも弟に対して特別の愛情があるごとく）末やあ！ 金比羅さんにきいたら、あなな女子知らんいうとったぞ。,m,Kan Kikuchi,m,屋上の狂人,The madman on the roof,play
末次郎,（微笑して）そうやろう、あなな巫女よりも兄さんの方に、神さんが乗り移っとんや。（雲を放れて金色の夕日が屋根へ一面に射しかかる）ええ夕日やな。,m,Kan Kikuchi,m,屋上の狂人,The madman on the roof,play
義太郎,（金色の夕日の中に義太郎の顔はある輝きを持っている）末、見いや、向うの雲の中に金色の御殿が見えるやろ。ほらちょっと見い！ 奇麗やなあ。,m,Kan Kikuchi,m,屋上の狂人,The madman on the roof,play
末次郎,（やや不狂人の悲哀を感ずるごとく）ああ見える。ええなあ。,m,Kan Kikuchi,m,屋上の狂人,The madman on the roof,play
義太郎,（歓喜の状態で）ほら！ 御殿の中から、俺の大好きな笛の音がきこえて来るぜ！ ええ音色やなあ。,m,Kan Kikuchi,m,屋上の狂人,The madman on the roof,play
おきん,畜生！ また大根を二、三本盗みやがった！ 作、今度見つけたら背骨の折れるほど、どやしつけてやれ！ どこのどいつやろう。,f,Kan Kikuchi,m,義民甚兵衛,Jinbei the Righteous Man,play
甚作,新田の権ごんが、昨日夕方裏の畑のところを、うろうろしていたけに、あいつかも知れんぞ。飢饉で増えたのは畑泥棒ばかりじゃ。,m,Kan Kikuchi,m,義民甚兵衛,Jinbei the Righteous Man,play
おきん,大根やって、今年は米の飯よりも大事じゃ。百本ばかりある大根が、冬中のおもな食物くいものじゃけになあ。,f,Kan Kikuchi,m,義民甚兵衛,Jinbei the Righteous Man,play
甚三,お母かあ、木津の藤兵衛の家じゃもう食物くいものが尽きたけに、来年の籾種にまで、手を付けたというぞ。,m,Kan Kikuchi,m,義民甚兵衛,Jinbei the Righteous Man,play
おきん,藤兵衛が家でけ。ええ気味じゃ。藤兵衛の嬶かかあめ、俺がいつか小豆一升貸せいうて頼んだのに、貸せんというてはねつけやがったものな。,f,Kan Kikuchi,m,義民甚兵衛,Jinbei the Righteous Man,play
およし,甚作さんたち、何しているんでや。,f,Kan Kikuchi,m,義民甚兵衛,Jinbei the Righteous Man,play
甚作,これから、魚掬いに行くんじゃ。,m,Kan Kikuchi,m,義民甚兵衛,Jinbei the Righteous Man,play
およし,お前の所じゃ、まだそななことができるから、ええな。わしの所じゃ、老人としより夫婦で泥鰌一匹捕ることやてできやせん。食べるものは、もう何にもなしになってしもうた。,f,Kan Kikuchi,m,義民甚兵衛,Jinbei the Righteous Man,play
甚三,およし婆さん。羨むなよ。これでな、二人で一日中小溝を漁ってもな、細い泥鰌の二十匹も取ればええ方じゃぞ。,m,Kan Kikuchi,m,義民甚兵衛,Jinbei the Righteous Man,play
およし,そうかな。,f,Kan Kikuchi,m,義民甚兵衛,Jinbei the Righteous Man,play
甚三,この近所じゃ、銘々で取り尽して、川には、小鮒一つやて、おりゃせんわ。山には、山の芋どころか、のびるだって、余計は残っておらんぜ。,m,Kan Kikuchi,m,義民甚兵衛,Jinbei the Righteous Man,play
およし,もう一月もしたら、何食うやろうぜ。,f,Kan Kikuchi,m,義民甚兵衛,Jinbei the Righteous Man,play
甚三,おおかた壁土でも食っているやろう。,m,Kan Kikuchi,m,義民甚兵衛,Jinbei the Righteous Man,play
甚作,滝の宮の方じゃ、もう松葉食うとるだ。,m,Kan Kikuchi,m,義民甚兵衛,Jinbei the Righteous Man,play
およし,民百姓がこなに苦しんどるのに、お上じゃまだ御年貢を取るつもりでいるんじゃてのう。,f,Kan Kikuchi,m,義民甚兵衛,Jinbei the Righteous Man,play
甚作,御年貢米の代りに、人間の乾干しを収めるとええぞ。,m,Kan Kikuchi,m,義民甚兵衛,Jinbei the Righteous Man,play
およし,明和の飢饉じゃて、これほどではなかったのう。,f,Kan Kikuchi,m,義民甚兵衛,Jinbei the Righteous Man,play
甚作,あの時には、お救い小屋が立ったというじゃないか。,m,Kan Kikuchi,m,義民甚兵衛,Jinbei the Righteous Man,play
およし,そうじゃ、そうしゃ。わしもな、お救い小屋のお粥をもろうたがなあ。ひどい飢饉じゃったけれどもな、今度ほどは困らなかったぞ。みんな、お上がよかったからじゃ。御家老様が、偉い御家老様だったでな。お蔵米を惜しげもなくお下げになったのじゃ。,f,Kan Kikuchi,m,義民甚兵衛,Jinbei the Righteous Man,play
甚三,今度は、お蔵米どころか、こちらを、逆さにして鼻血まで、搾り出そうとしている。,m,Kan Kikuchi,m,義民甚兵衛,Jinbei the Righteous Man,play
およし,わしもなあ、長生きしたおかげで、食うや飲まずの辛い目にあうことじゃ。,f,Kan Kikuchi,m,義民甚兵衛,Jinbei the Righteous Man,play
おきん,（すぐ警戒するような顔をして）何じゃ！,f,Kan Kikuchi,m,義民甚兵衛,Jinbei the Righteous Man,play
およし,あのな、えらいいいにくい頼みじゃがな。お前とこの大根を、一本貸してもらえんかな。,f,Kan Kikuchi,m,義民甚兵衛,Jinbei the Righteous Man,play
おきん,（黙っている）……。,f,Kan Kikuchi,m,義民甚兵衛,Jinbei the Righteous Man,play
およし,村中で、みんな羨んどる。おきんさんところじゃ、よう大根作ったいうてな。飢饉で何もできなかったのに大根だけはようできた。おきんさんは、よう気がついたいうてな。,f,Kan Kikuchi,m,義民甚兵衛,Jinbei the Righteous Man,play
おきん,（大根を大切そうに包丁で、切りながら）おぬしには、この朔日ついたちにも一本貸してやったな。,f,Kan Kikuchi,m,義民甚兵衛,Jinbei the Righteous Man,play
およし,ああそうそう。わしもよう覚えているでな。御時世がようなったら、十倍にも百倍にもして返そうと思っとるんじゃ。じゃけどな、おきんさん、わしはたびたび無心いいとうはないんじゃけどな、家の爺じじいがな、二、三日前から、病わずらいついてな。……食うものも食わんのじゃけに、病わずらいつくのも当り前じゃがな。それでな、青物が食いたい食いたいいうて口ぐせのようにいうとるのでな。何ぞ、食べられるような草があるかと思うてな、野面を走り回ったけれども、冬の真ん中じゃで何もないんじゃ。わしの亭主、助けると思うてな。大根一本融通してくれんかな。御時世が直ったらな。十本にでも百本にでもして返すけにな……。,f,Kan Kikuchi,m,義民甚兵衛,Jinbei the Righteous Man,play
おきん,（黙って大根を鍋に入れる）……。,f,Kan Kikuchi,m,義民甚兵衛,Jinbei the Righteous Man,play
およし,なあ、おきんさん、わしたち、助けると思ってな。,f,Kan Kikuchi,m,義民甚兵衛,Jinbei the Righteous Man,play
おきん,（冷然として）まあ、堪忍してもらおうけな。,f,Kan Kikuchi,m,義民甚兵衛,Jinbei the Righteous Man,play
およし,（おどろいて）ええ何やと。,f,Kan Kikuchi,m,義民甚兵衛,Jinbei the Righteous Man,play
おきん,御時世が直って、大根を一車返してもらうより、今の一本の方が大事じゃけにな。,f,Kan Kikuchi,m,義民甚兵衛,Jinbei the Righteous Man,play
およし,（弱々しき反抗で）えろうまあ、無慈悲なことをいうのう。,f,Kan Kikuchi,m,義民甚兵衛,Jinbei the Righteous Man,play
おきん,いわいでかのう。この時節に、食物のことでは、親子兄弟でもな、血眼になっとるんじゃ。,f,Kan Kikuchi,m,義民甚兵衛,Jinbei the Righteous Man,play
およし,大根一本が、それほど惜しいかのう。,f,Kan Kikuchi,m,義民甚兵衛,Jinbei the Righteous Man,play
おきん,ふふむ。何いっているだ。おぬしの方が、それほど欲しがっているじゃないか。この頃では甚吉の家の大根いうてな、みんな評判してな。一本でも二本でも盗もうとしてるんじゃ。家中うちじゅう、代り番こに、ねず番しとるんじゃ。一朱銀の一つも持ってくるがええ。大根の一本や二本くれてやるけにな。,f,Kan Kikuchi,m,義民甚兵衛,Jinbei the Righteous Man,play
およし,（憤然として）人情を知らんのにもほどがあるのう。,f,Kan Kikuchi,m,義民甚兵衛,Jinbei the Righteous Man,play
おきん,何いってるぞ。この時節に、人情だの義理だのいっとると、乾干しになって死んでしまうわ。本津もとつの義太郎を見いな。米俵、山のように積んであっても、一合一勺だってこっちに恵んでくれたかのう。一石百五十匁もしたら、売ろうと思っとるんじゃないか。こちとらのような、水呑百姓が大根一本だって、人にくれられるけ。無駄口利かんと、早う帰ったらええわ。,f,Kan Kikuchi,m,義民甚兵衛,Jinbei the Righteous Man,play
甚作,（見かねて）おっ母。そなな無愛想なことをいわんで、一本ぐらい貸してやれな。まだ一みねはあったんじゃないか。,m,Kan Kikuchi,m,義民甚兵衛,Jinbei the Righteous Man,play
おきん,何、いらんことをいうのじゃ。みんなお前たちが可愛いけに、大根の一本も惜しむんじゃないか。ぐずぐずいわんと、早う出かけて泥鰌の一匹でもよけい取って来い。,f,Kan Kikuchi,m,義民甚兵衛,Jinbei the Righteous Man,play
甚三,甚作行こう。およし婆さ。家のおっ母、一刻者じゃけに、いい出したら、後へ引かんけにな、今日は諦めて帰るとええわ。,m,Kan Kikuchi,m,義民甚兵衛,Jinbei the Righteous Man,play
およし,何が、一刻者じゃ。生死塚のばばあのように、欲の深いやつじゃ。（帰りかけて）今にみろ、あたしたちが飢えて死ぬときには、うんとこさと呪ってやるからな。,f,Kan Kikuchi,m,義民甚兵衛,Jinbei the Righteous Man,play
おきん,ええわ。なんぼなと呪え。おぬしのようなおいぼれに呪われたって、何の悪いことがあるもんけ。,f,Kan Kikuchi,m,義民甚兵衛,Jinbei the Righteous Man,play
およし,業つくばばめ。,f,Kan Kikuchi,m,義民甚兵衛,Jinbei the Righteous Man,play
おきん,おいぼれめ。おぬしたち早う飢えて死ねよ。それだけ、穀がのびて、他の者が助かるわ。,f,Kan Kikuchi,m,義民甚兵衛,Jinbei the Righteous Man,play
およし,（口惜しがっし）女子おなごのくせに、よう無慈悲なことがいえるな。ええわ、ええわ。今に思い知らせてやるけに。（退場する）,f,Kan Kikuchi,m,義民甚兵衛,Jinbei the Righteous Man,play
おきん,この大根と粟とで、春まで命をつなぐんじゃ。一本だって、他人にやって堪るけ。,f,Kan Kikuchi,m,義民甚兵衛,Jinbei the Righteous Man,play
甚三,じゃ、おっ母、行って来るぞ。,m,Kan Kikuchi,m,義民甚兵衛,Jinbei the Righteous Man,play
おきん,ああ行って来い！,f,Kan Kikuchi,m,義民甚兵衛,Jinbei the Righteous Man,play
勘五郎,おきんさん。甚吉どんはおらんかのう。,m,Kan Kikuchi,m,義民甚兵衛,Jinbei the Righteous Man,play
おきん,おらん。今朝、早うからな、落松葉をな、お城下へ売りに出たよ。,f,Kan Kikuchi,m,義民甚兵衛,Jinbei the Righteous Man,play
勘五郎,落松葉を、うむ、そななものでも金になるけ。,m,Kan Kikuchi,m,義民甚兵衛,Jinbei the Righteous Man,play
おきん,百にもならねえだ。それでもな、粟の二合や三合は買えるけにな。,f,Kan Kikuchi,m,義民甚兵衛,Jinbei the Righteous Man,play
勘五郎,甚三も甚作もおらんかのう。,m,Kan Kikuchi,m,義民甚兵衛,Jinbei the Righteous Man,play
おきん,二人ともおらん。何ぞ用け。,f,Kan Kikuchi,m,義民甚兵衛,Jinbei the Righteous Man,play
勘五郎,おっ母、恐ろしいことが起ったぞ。綾郡あやごおり二十三カ村に、御年貢御免を嘆願の一揆が起ったぞ。,m,Kan Kikuchi,m,義民甚兵衛,Jinbei the Righteous Man,play
おきん,なるほどのう。一揆でも起ろうぞ。ええ気味じゃ。,f,Kan Kikuchi,m,義民甚兵衛,Jinbei the Righteous Man,play
勘五郎,それでな、だんだんお城下の方へ押し寄せてくるいうのじゃ。,m,Kan Kikuchi,m,義民甚兵衛,Jinbei the Righteous Man,play
おきん,なるほどのう。,f,Kan Kikuchi,m,義民甚兵衛,Jinbei the Righteous Man,play
勘五郎,それでな、もう端岡はしおかまでは来とる、いう噂じゃけに、この村でも、加担するか加担せんか、今のうちに定きめとこうていうてな、八幡さまで、村の若い衆の集りがあるのじゃ。,m,Kan Kikuchi,m,義民甚兵衛,Jinbei the Righteous Man,play
おきん,恐ろしいことになったのう。,f,Kan Kikuchi,m,義民甚兵衛,Jinbei the Righteous Man,play
勘五郎,一揆もええがのう、後が悪いからのう、あんまり、有頂天になってやっとると、後で磔はりつけじゃからのう。,m,Kan Kikuchi,m,義民甚兵衛,Jinbei the Righteous Man,play
おきん,恐ろしい、恐ろしい。飢えて死ぬと磔とどちらがええじゃろ,f,Kan Kikuchi,m,義民甚兵衛,Jinbei the Righteous Man,play
勘五郎,じゃ、俺は、急ぐけにな、みんな帰ったら、よこしてくれんかのう。村の集りにはずれると後が悪いぞ。,m,Kan Kikuchi,m,義民甚兵衛,Jinbei the Righteous Man,play
おきん,ええわ、わかった。甚三と甚作とを探して、すぐやるけにな。,f,Kan Kikuchi,m,義民甚兵衛,Jinbei the Righteous Man,play
勘五郎,じゃ、ええか。暮六つまでには、集るんじゃぞ。,m,Kan Kikuchi,m,義民甚兵衛,Jinbei the Righteous Man,play
甚吉,何するだ！ この泥棒猫め！,m,Kan Kikuchi,m,義民甚兵衛,Jinbei the Righteous Man,play
甚兵衛,（やや愚鈍らしく）われこそ何するだ！ 何するだ！,m,Kan Kikuchi,m,義民甚兵衛,Jinbei the Righteous Man,play
甚吉,おのれ、おっ母の目を掠かすめて盗み食いをしやがる。われに、大根を食わせてたまるけ。,m,Kan Kikuchi,m,義民甚兵衛,Jinbei the Righteous Man,play
甚兵衛,わしやて、大根食いたいだ。この大根作ったのは俺じゃ。,m,Kan Kikuchi,m,義民甚兵衛,Jinbei the Righteous Man,play
甚吉,何を世迷言いうだ。作ったのは、われでもな、この家うちや、畑はおれの物じゃぞ。この畑にできるものはみんな俺の物じゃぞ。,m,Kan Kikuchi,m,義民甚兵衛,Jinbei the Righteous Man,play
甚兵衛,何いうだ。新田の藤兵衛伯父がいうた。われは長男じゃけにな、みんなわれの物じゃいうて。,m,Kan Kikuchi,m,義民甚兵衛,Jinbei the Righteous Man,play
甚吉,（激しくこづき回しながら）不具者かたわもののくせに何いうだ。爺さんが、生きていたときに、庄屋様に願うて家屋敷とも俺の物になっているのだ。われは牛小屋でくすぶってりゃいいんだ。不具者のくせに、出しゃばるなよ。（激しくこづき回す）,m,Kan Kikuchi,m,義民甚兵衛,Jinbei the Righteous Man,play
甚兵衛,（激怒し）おっ母と兄弟三人とで共謀しやがって、長男のわしの物をみんな取っているのだぞ。この家うちの縁の下の塵までわしの物じゃ。,m,Kan Kikuchi,m,義民甚兵衛,Jinbei the Righteous Man,play
甚吉,何を、阿呆くさいことをいいやがるんじゃ。,m,Kan Kikuchi,m,義民甚兵衛,Jinbei the Righteous Man,play
甚吉,おのれ、殴ぶちゃがったな。,m,Kan Kikuchi,m,義民甚兵衛,Jinbei the Righteous Man,play
甚三,吉兄い。どうしたんじゃ。,m,Kan Kikuchi,m,義民甚兵衛,Jinbei the Righteous Man,play
甚吉,（甚兵衛を押えながら）この不具者めがな、今鍋の大根を、盗んで食うていやがるんじゃ。それでな俺が怒鳴りつけるとな、俺に食ってかかりゃがってな、俺の顔を殴ちゃがったんじゃ。,m,Kan Kikuchi,m,義民甚兵衛,Jinbei the Righteous Man,play
おきん,本当けい。この阿呆のど不具かたわめ。大根やこしお前の口へ入るものじゃねえだぞ。お前なんかに、粟の飯一杯も惜しいけどな、同じ人間の皮被かぶってるけにな、毎日一杯ずつ恵んでやっとるんじゃ。それを有難いとも思わんでようもようも盗み食いしやがった。吉、根性骨にしみるほどどやしつけてやれ。,f,Kan Kikuchi,m,義民甚兵衛,Jinbei the Righteous Man,play
甚三,おっ母、昨日畑の大根取ったのもこいつかも知れんぞな。,m,Kan Kikuchi,m,義民甚兵衛,Jinbei the Righteous Man,play
おきん,そうじゃ。そうじゃ。それに違いない。みんなして、牛小屋の中へ追い込んでな。,f,Kan Kikuchi,m,義民甚兵衛,Jinbei the Righteous Man,play
甚兵衛,（まったく抵抗力を失いながら）なんぼ不具じゃとて長男の俺を牛小屋へ住わせて、粟の飯たった一杯ずつあてごうて……。,m,Kan Kikuchi,m,義民甚兵衛,Jinbei the Righteous Man,play
おきん,何いうぞ。この飢饉の時節に、粟の飯一杯じゃとて、惜しいぞ。吉、その頬げた一つひねってやれ。,f,Kan Kikuchi,m,義民甚兵衛,Jinbei the Righteous Man,play
甚兵衛,ああ痛い！ 痛い！,m,Kan Kikuchi,m,義民甚兵衛,Jinbei the Righteous Man,play
おきん,さあ、皆して、放ほおり込んでしまえ！ これからは、粟の飯ももったいないや。水だけでたくさんじゃ。,f,Kan Kikuchi,m,義民甚兵衛,Jinbei the Righteous Man,play
甚兵衛,どうするだ！ 何するだ！ われたち！ この兄をどうするだ！,m,Kan Kikuchi,m,義民甚兵衛,Jinbei the Righteous Man,play
甚吉,何が、兄だい！ われのような不具の阿呆を誰が兄に持つものけ。,m,Kan Kikuchi,m,義民甚兵衛,Jinbei the Righteous Man,play
甚兵衛,どうするだ！ どうするだ！,m,Kan Kikuchi,m,義民甚兵衛,Jinbei the Righteous Man,play
甚三,（次兄に加勢しながら）ええ、黙って、この中にすっこんでおれ！,m,Kan Kikuchi,m,義民甚兵衛,Jinbei the Righteous Man,play
甚作,（同じく手を貸して、担ぎ上げながら、二人の兄のよりは、やや優しく）盗み食いやこしするけに、こなな目にあうのじゃ。おとなしゅう、小屋の中へ入っているがええぞ。,m,Kan Kikuchi,m,義民甚兵衛,Jinbei the Righteous Man,play
甚兵衛,何するだ！ どうするだ。（叫びながら、担ぎ込まれる）,m,Kan Kikuchi,m,義民甚兵衛,Jinbei the Righteous Man,play
おきん,出られないように戸を閉めて、しんばり棒、こうとけ。明日から粟の飯一杯もやらんぞ。（やや声を低めて）今時、死んだとて、誰も不思議がりゃせんわい。,f,Kan Kikuchi,m,義民甚兵衛,Jinbei the Righteous Man,play
おきん,吉、きいたか。綾郡に一揆が起ったということを。,f,Kan Kikuchi,m,義民甚兵衛,Jinbei the Righteous Man,play
甚吉,きいたとも。御城下でえらい騒ぎじゃ。香東川の堤で、早馬に二度も行き会うたぞ。,m,Kan Kikuchi,m,義民甚兵衛,Jinbei the Righteous Man,play
おきん,それでのう、御城下に押し寄せる道筋じゃけに、この村へも追っつけ来るでのう、加担するか加担せんか評議するためにのう、八幡様で暮六つから集りがあるから来いいうてな、勘五郎どんが、ふれて来たぞ。,f,Kan Kikuchi,m,義民甚兵衛,Jinbei the Righteous Man,play
甚吉,一揆の加担人かとうどか。こんな時、下手まごつくと首が飛ぶし、それかというて、後込しりごみしとると一揆からひどい目にあうしのう。,m,Kan Kikuchi,m,義民甚兵衛,Jinbei the Righteous Man,play
おきん,とにかく、行って来るがええぞ。それでのう、身をたしなんで、出しゃばらんがええぞ。先ばしりしてわしに心配させるでねえぞ！,f,Kan Kikuchi,m,義民甚兵衛,Jinbei the Righteous Man,play
甚吉,じゃ、ぼつぼつ行こうか。,m,Kan Kikuchi,m,義民甚兵衛,Jinbei the Righteous Man,play
おきん,飯食うてからにせい。評定が、長びくかも知れんけに。,f,Kan Kikuchi,m,義民甚兵衛,Jinbei the Righteous Man,play
甚吉,ああ、ど不具めと、取り組み合うて、えらいことお腹を空かせたぞ。,m,Kan Kikuchi,m,義民甚兵衛,Jinbei the Righteous Man,play
おきん,（台所へ入り、鍋の蓋を開けて見て）あの阿呆め！ 三切れも、食いやがった。われらに、一切れずつやろう思っていたら、当らんようになったぞ。,f,Kan Kikuchi,m,義民甚兵衛,Jinbei the Righteous Man,play
甚三,一揆も、やっているときは、景気がええがのう。後でまた、磔はりつけや打首が二、三十人はあるべい。,m,Kan Kikuchi,m,義民甚兵衛,Jinbei the Righteous Man,play
おきん,触らぬ神に、崇りなしじゃ。なるべくなら、誰も出んで済むとええがのう。,f,Kan Kikuchi,m,義民甚兵衛,Jinbei the Righteous Man,play
甚作,そうもなるまい。村で加担するとなると、家では若い者が揃っとるけにのう、一人二人は出ねばなるまい。,m,Kan Kikuchi,m,義民甚兵衛,Jinbei the Righteous Man,play
甚作,（駆け出しながら）なんやろう。なんやろう。火事かしら。向うが真っ赤じゃ。,m,Kan Kikuchi,m,義民甚兵衛,Jinbei the Righteous Man,play
甚吉,ええ、なんじゃと。（出てくる）ほほう。赤いな。どうしたんじゃろう。どこぞで火事を出したのか知らん。,m,Kan Kikuchi,m,義民甚兵衛,Jinbei the Righteous Man,play
おきん,ええ、火事じゃと。（出てくる）,f,Kan Kikuchi,m,義民甚兵衛,Jinbei the Righteous Man,play
甚兵衛の声,開けてくれ！ 開けてくれ！,m,Kan Kikuchi,m,義民甚兵衛,Jinbei the Righteous Man,play
甚吉,阿呆め！ お前は、そこですっこんでおれば、ええじゃ。,m,Kan Kikuchi,m,義民甚兵衛,Jinbei the Righteous Man,play
甚作,（蒼くなって、帰ってくる）えらいこっちゃ！ えらいこっちゃ。街道筋は一面の炬火たいまつじゃ。,m,Kan Kikuchi,m,義民甚兵衛,Jinbei the Righteous Man,play
甚吉,え、なんじゃと。,m,Kan Kikuchi,m,義民甚兵衛,Jinbei the Righteous Man,play
おきん,ああとうとう、来たんじゃのう。恐ろしいことになったのう。,f,Kan Kikuchi,m,義民甚兵衛,Jinbei the Righteous Man,play
甚三,御城下を、夜討ちにするじゃのう。,m,Kan Kikuchi,m,義民甚兵衛,Jinbei the Righteous Man,play
おきん,まさか、こちとらに、仇はしやすまいのう。,f,Kan Kikuchi,m,義民甚兵衛,Jinbei the Righteous Man,play
甚吉,何、そなな心配があるもんか。一揆はこちとらの味方じゃないか。,m,Kan Kikuchi,m,義民甚兵衛,Jinbei the Righteous Man,play
おきん,われら、みんな隠れとれ！ 加担人させられたら、後が難儀じゃけに。,f,Kan Kikuchi,m,義民甚兵衛,Jinbei the Righteous Man,play
甚吉,まだ、ええ。まだ、ええ。こっちへ来るのには間がある。,m,Kan Kikuchi,m,義民甚兵衛,Jinbei the Righteous Man,play
甚吉,おおわれや、藤作じゃねえか。,m,Kan Kikuchi,m,義民甚兵衛,Jinbei the Righteous Man,play
藤作,おお。この村も、加担じゃぞ。ええか。一軒で一人ずつ、人数を出すんじゃぞ。ええか。炬火たいまつと竹槍とを用意しとげ。ええか。後から、一揆の統領が回って来るけにな。,m,Kan Kikuchi,m,義民甚兵衛,Jinbei the Righteous Man,play
甚吉,（蒼白になりながら）合点じゃ。,m,Kan Kikuchi,m,義民甚兵衛,Jinbei the Righteous Man,play
藤作,加担の村が、二百十二カ村になったぞ。夜更けにお城下へ押し寄せて、御家老たちの家を叩き壊すいうとるぞ。はよう、用意せい。ええか。わかったか。,m,Kan Kikuchi,m,義民甚兵衛,Jinbei the Righteous Man,play
甚吉,わかった。わかった。,m,Kan Kikuchi,m,義民甚兵衛,Jinbei the Righteous Man,play
おきん,（狼狽しながら）どうしよう。どうしよう。,f,Kan Kikuchi,m,義民甚兵衛,Jinbei the Righteous Man,play
甚吉,仕方がねえ。わし行くぞ。,m,Kan Kikuchi,m,義民甚兵衛,Jinbei the Righteous Man,play
おきん,阿呆いうな。後嗣あとつぎのお前に万一のことがあったらどうするんじゃ。われは行くんじゃねえ。,f,Kan Kikuchi,m,義民甚兵衛,Jinbei the Righteous Man,play
甚三,兄貴は、家にいるがええ。わしが行くだ。わしが。,m,Kan Kikuchi,m,義民甚兵衛,Jinbei the Righteous Man,play
おきん,われも行くでねえ。加担して、後で打首にでもなったら、どうするだ。,f,Kan Kikuchi,m,義民甚兵衛,Jinbei the Righteous Man,play
甚三,そなな心配がいるもんけ。何万という人数じゃもの。ただついて行っただけで打首になんか、なって堪るけい。,m,Kan Kikuchi,m,義民甚兵衛,Jinbei the Righteous Man,play
おきん,こちらへ来るだ。こちらへ来るだ。われら、みんな隠れとれ。おっ母が、ええようにするだ。わしに委しとけ。わしが、ええようにするだ。わしが、われら、誰も行かんでええようにするけに。,f,Kan Kikuchi,m,義民甚兵衛,Jinbei the Righteous Man,play
甚吉,阿呆いうな！ おっ母のような年寄、委しとけるけ。,m,Kan Kikuchi,m,義民甚兵衛,Jinbei the Righteous Man,play
おきん,ええ、黙っとれ、お前らは。入っとれいうたら、入っとれ。入っとれ。,f,Kan Kikuchi,m,義民甚兵衛,Jinbei the Righteous Man,play
勘五郎,（首領に）へえ。この家にも男手が、ございまする。,m,Kan Kikuchi,m,義民甚兵衛,Jinbei the Righteous Man,play
首領の一人,わしは、綾郡さる村に住む郷士じゃ。今度諸人助けのために、御年貢米御免の嘆願の一揆を起した者じゃ。同心か不同心か、どちらじゃ。同心するにおいては道々、所々在々の大百姓の家を叩き壊して、金銀米穀を分けてやる。,m,Kan Kikuchi,m,義民甚兵衛,Jinbei the Righteous Man,play
他の一人,同心なら、同心の印に加担人一人を出せ。不同心ならすぐこの家を叩き壊す。その方たちを打ち殺す。どちらじゃ。,m,Kan Kikuchi,m,義民甚兵衛,Jinbei the Righteous Man,play
おきん,（震えながら）へえい、へえい。同心でございますとも。わしたち小百姓には、救いの神様でござります。ありがとうございます。おありがとうございます。加担人を出しますとも。（牛小屋の前へ進み戸を開ける）おお、甚兵衛、お前、そなな所へ隠れていないで出てこいや。何も恐いことありゃせん。わしたちの難渋を救うて下さる神様じゃ。早う出てこい。,f,Kan Kikuchi,m,義民甚兵衛,Jinbei the Righteous Man,play
おきん,さあ！ これを持ってな。このお方たちの後からついて行け！,f,Kan Kikuchi,m,義民甚兵衛,Jinbei the Righteous Man,play
甚兵衛,わしは恐い。わしは恐い。,m,Kan Kikuchi,m,義民甚兵衛,Jinbei the Righteous Man,play
おきん,何をいうぞ。お前、ぐずぐずいうたら、竹槍で突き殺されるぞ。（竹槍を強いて押し付けながら）はよう、しっかり持たんけいな。,f,Kan Kikuchi,m,義民甚兵衛,Jinbei the Righteous Man,play
甚兵衛,わしゃ恐い。恐い。,m,Kan Kikuchi,m,義民甚兵衛,Jinbei the Righteous Man,play
首領の一人,臆病者め！ 恐がることはない。一揆の人数は綾郡宇多郡を合せて、五万三千人じゃ、なんの恐いことがあるものか。,m,Kan Kikuchi,m,義民甚兵衛,Jinbei the Righteous Man,play
おきん,うんと叱ってもらいたいでのう。これは生れつきの臆病者でな。（甚兵衛に）さあ、しゃんとして行って来い。この方々について行くと、白い飯が、なんぼでも食べられるぞ。,f,Kan Kikuchi,m,義民甚兵衛,Jinbei the Righteous Man,play
首領の他の一人,その者は、不具者かたわものじゃないか。,m,Kan Kikuchi,m,義民甚兵衛,Jinbei the Righteous Man,play
おきん,なんの不具者でもな、山や野良の働きは人一倍でな。他人の二倍もの仕事しまするでな。ちんば引いても走るのは、人一倍じゃぞな。,f,Kan Kikuchi,m,義民甚兵衛,Jinbei the Righteous Man,play
勘五郎,おきんさん、甚吉は、どうしただ。,m,Kan Kikuchi,m,義民甚兵衛,Jinbei the Righteous Man,play
おきん,さっきもいうたじゃないか。御城下へ松葉売りに行ってな、まだ帰って来んのう。,f,Kan Kikuchi,m,義民甚兵衛,Jinbei the Righteous Man,play
首領の一人,不具者でもよい。詮議していては手間どる！ さあ、次の家へ案内されい。,m,Kan Kikuchi,m,義民甚兵衛,Jinbei the Righteous Man,play
勘五郎,さあ、こちらへおいでなさい。,m,Kan Kikuchi,m,義民甚兵衛,Jinbei the Righteous Man,play
首領の他の一人,（甚兵衡に）後からついて来い。ははははは、山本勘介というちんばの軍師が昔あった。お前もうんと働いてくれ、はははは。その代り、白い飯でもなんでも食わしてやるぞ。（歩き出す）,m,Kan Kikuchi,m,義民甚兵衛,Jinbei the Righteous Man,play
甚兵衛,（やや遅れて恨めしげに）わしを打首にするつもりかの。,m,Kan Kikuchi,m,義民甚兵衛,Jinbei the Righteous Man,play
おきん,何をいうだ！ お前に、たんと、白い飯を食わしてやりたいのじゃ。はようとっととついて行け！,f,Kan Kikuchi,m,義民甚兵衛,Jinbei the Righteous Man,play
甚吉,おっ母！,m,Kan Kikuchi,m,義民甚兵衛,Jinbei the Righteous Man,play
おきん,おおびっくりした。,f,Kan Kikuchi,m,義民甚兵衛,Jinbei the Righteous Man,play
甚三,うまくやったなあ、おっ母。,m,Kan Kikuchi,m,義民甚兵衛,Jinbei the Righteous Man,play
おきん,ははははは。,f,Kan Kikuchi,m,義民甚兵衛,Jinbei the Righteous Man,play
甚吉,ほんまにうまくやったの。あの不具者が、竹槍をついて、ちんば引き引きついて行くのを考えると、吹き出したくなるのう。,m,Kan Kikuchi,m,義民甚兵衛,Jinbei the Righteous Man,play
おきん,あはははは。あの不具者も、二十九になるまで養うてやった甲斐があったのう。思わん役に立ったわ。この一揆で御年貢は御免になるわ。米もやすくなるわ。わちとら親子は高処たかみから一揆を見物しているわ。ああうまい,f,Kan Kikuchi,m,義民甚兵衛,Jinbei the Righteous Man,play
見物の男一,何処どこから何処へ行く隊商だ。,m,Kan Kikuchi,m,世評,Public opinion,play
男二,知らない。ついぞ見知らない人種だ。,m,Kan Kikuchi,m,世評,Public opinion,play
男三,いや、俺は知っている。この人達は、西の方から来たのだ。,m,Kan Kikuchi,m,世評,Public opinion,play
男一,西の方からって。,m,Kan Kikuchi,m,世評,Public opinion,play
男三,西方の国からだ。紅海に近いツクセン人だ。,m,Kan Kikuchi,m,世評,Public opinion,play
男一,なるほど。道理でみんな色が黒い。,m,Kan Kikuchi,m,世評,Public opinion,play
男二,だが、あの隊長の妻丈だけは美しいな。バグダッドにだって、あんな美しい女はいない。,m,Kan Kikuchi,m,世評,Public opinion,play
男五,少しお出額でこだが、聡明そのものと云った顔だ。あの眸、理智に輝いている美しさったらない。俺は、あんな女を妻にほしい。,m,Kan Kikuchi,m,世評,Public opinion,play
男三,あはははは。あの女丈は、ツクセン人じゃないんだ。あの女はバグダッドの貴族だ。,m,Kan Kikuchi,m,世評,Public opinion,play
男一,なに貴族だって。嘘を云っちゃ困る。貴族の娘が、どうしてあんな隊長の妻になったのだ。,m,Kan Kikuchi,m,世評,Public opinion,play
男三,それは、お前バグダッドでも、評判になった話だ。あの娘の兄が、あの娘を売ったのだ。,m,Kan Kikuchi,m,世評,Public opinion,play
男一,なるほど可愛そうに。,m,Kan Kikuchi,m,世評,Public opinion,play
男三,五つのダイヤモンドと六つの黒真珠とが、あの娘の価だと云っている。,m,Kan Kikuchi,m,世評,Public opinion,play
女一,可愛そうに。貴族の娘に生れながら、売られるなんて、ほんとに不幸せな方ね。,f,Kan Kikuchi,m,世評,Public opinion,play
女二,おや！ 御覧。あの女が足を動かしたよ。おや、足に何か光る物が付いている。おや！ 鎖だ！ 鎖だ！,f,Kan Kikuchi,m,世評,Public opinion,play
女三,銀の鎖だよ。,f,Kan Kikuchi,m,世評,Public opinion,play
女四,装飾品のように、手奇麗に美しく出来ている。でもやっぱり鎖は鎖だわね……。,f,Kan Kikuchi,m,世評,Public opinion,play
女五,でも、胸にはあんな美しい胸飾りをつけている。,f,Kan Kikuchi,m,世評,Public opinion,play
女六,でも、鎖が足に付いていては、可愛そうだわねえ。,f,Kan Kikuchi,m,世評,Public opinion,play
女一,悲しそうにしているわねえ。涙が絶えず溢れているような眸をしているわねえ。,f,Kan Kikuchi,m,世評,Public opinion,play
女四,可愛そうに。あれでは妻だか女奴隷だか分らないわねえ。,f,Kan Kikuchi,m,世評,Public opinion,play
男三,もうもう金で買った丈だけに、安心が出来ないんですよ。それに年が、親子ほどにも違いますからね。,m,Kan Kikuchi,m,世評,Public opinion,play
女二,いくら違っていましょう。三十は違っているでしょう。,f,Kan Kikuchi,m,世評,Public opinion,play
女三,そんなでもないわ。女だって、もう二十四五にはなるわ。,f,Kan Kikuchi,m,世評,Public opinion,play
男一,もう、五十を越しているくせに、あんな若い女房をつれ廻していやらしい老爺だな。,m,Kan Kikuchi,m,世評,Public opinion,play
女一,金で買われて、あんな老人の妻になるなんて、考えた丈でも身ぶるいがするわ。,f,Kan Kikuchi,m,世評,Public opinion,play
女二,でも御覧なさい！ 耳輪にも、ダイヤモンドが光っていますよ。それにあの老人だって、それほど邪慳じゃけんでもなさそうよ。,f,Kan Kikuchi,m,世評,Public opinion,play
女三,まあ、あんなに足に鎖が付いていては、本当に愛なんかありっこはないわ。,f,Kan Kikuchi,m,世評,Public opinion,play
女四,気の毒ね、一生をあんな境遇に過すなんて。,f,Kan Kikuchi,m,世評,Public opinion,play
男三,貴女方が同情する以上に、あの女は自分の境遇を嘆いているのですよ。,m,Kan Kikuchi,m,世評,Public opinion,play
男二,いい女なんだな。あんないい女が、あんな老人の妻になっていると云う丈でも、義憤を感ずるよ。,m,Kan Kikuchi,m,世評,Public opinion,play
男三,おい、あまり大きい声を出したら困るよ。自分のことが、噂になっていることを感づいて真赤になっているよ。,m,Kan Kikuchi,m,世評,Public opinion,play
男一,我々が同情しているのを知って嬉しいだろうか。,m,Kan Kikuchi,m,世評,Public opinion,play
男三,勝気な女だと云うから哀まれると云うことに、いい感じはしまい。でも嬉しくなくもないだろう。,m,Kan Kikuchi,m,世評,Public opinion,play
女一,おや亭主の老人は、立ち上りましたね。,f,Kan Kikuchi,m,世評,Public opinion,play
女二,ノソノソとどこかへ歩いて行きますね。,f,Kan Kikuchi,m,世評,Public opinion,play
女三,なに用足しに行ったのでしょう。,f,Kan Kikuchi,m,世評,Public opinion,play
女四,でも、ホンの少しの間でも、あの美しい女の傍に醜い老人の亭主が居ないと云うことは、うれしいことだわねえ。,f,Kan Kikuchi,m,世評,Public opinion,play
女一,気のせいか、あの女の顔色がはればれとしましたね。,f,Kan Kikuchi,m,世評,Public opinion,play
女二,おや。あの女の人も立ち上りましたね。,f,Kan Kikuchi,m,世評,Public opinion,play
女三,おや。身づくろいをしますね。,f,Kan Kikuchi,m,世評,Public opinion,play
男二,おや歌をうたうのだよ。,m,Kan Kikuchi,m,世評,Public opinion,play
男三,あの女は、バグダッドの貴族社会でも有名な歌い手だよ。,m,Kan Kikuchi,m,世評,Public opinion,play
女四,おお、何と云ういい声だ。,f,Kan Kikuchi,m,世評,Public opinion,play
女五,うっとりするようないい声だ。,f,Kan Kikuchi,m,世評,Public opinion,play
女一,一つ一つの言葉が、あの人の悲しみで、裏づけられている。,f,Kan Kikuchi,m,世評,Public opinion,play
女三,何だか文句が、はっきり分らなかったね。,f,Kan Kikuchi,m,世評,Public opinion,play
男三,身体は、売ったがわが魂は、ソロモンの富を以てしても売らないとこう云っているのです。,m,Kan Kikuchi,m,世評,Public opinion,play
女達,尤もっともだわねえ。同情するわねえ。ほんとに可愛そうですわねえ。,f,Kan Kikuchi,m,世評,Public opinion,play
男一,おや、また何か歌っているな。,m,Kan Kikuchi,m,世評,Public opinion,play
男五,いい声だ。ふるい付きたいようないい声だ。,m,Kan Kikuchi,m,世評,Public opinion,play
男三,金銭の恋、偽りの愛を捨てて、本当に真心で自分を愛してくれる青年の胸に抱かれたいと云うのだ！,m,Kan Kikuchi,m,世評,Public opinion,play
男一,尤もだ。,m,Kan Kikuchi,m,世評,Public opinion,play
男二,俺が救ってやる。,m,Kan Kikuchi,m,世評,Public opinion,play
男五,いや俺が救ってやる。,m,Kan Kikuchi,m,世評,Public opinion,play
男四,いや俺が救う。,m,Kan Kikuchi,m,世評,Public opinion,play
男一,その鎖を断ってしまえ！,m,Kan Kikuchi,m,世評,Public opinion,play
男五,あの老人を踏みつぶしてしまえ。,m,Kan Kikuchi,m,世評,Public opinion,play
男二,今宵の中に逃げるといい。俺は、天幕の蔭で貴女が逃げて来るのを待っている。,m,Kan Kikuchi,m,世評,Public opinion,play
男三,いや、静に。老人が帰って来る。老人が、そんなことを聴くと、どんな警戒をするか知れない。しずかに。,m,Kan Kikuchi,m,世評,Public opinion,play
女一,亭主が、帰って来ると美しい顔が、直ぐ曇ってしまう。,f,Kan Kikuchi,m,世評,Public opinion,play
女二,おや、あんなにしおれてしゃがんでしまったよ。,f,Kan Kikuchi,m,世評,Public opinion,play
女三,可愛そうに。いつまでもあんなに囚われているのかしら。,f,Kan Kikuchi,m,世評,Public opinion,play
女四,思い切って、鎖を切ってしまえばいいのに。,f,Kan Kikuchi,m,世評,Public opinion,play
女五,本当に、あの人の歌っている通りにすればいいに。,f,Kan Kikuchi,m,世評,Public opinion,play
女三,ほんとうに、誰か本当に愛して呉れる青年の胸に飛び込んで行けばいいに。,f,Kan Kikuchi,m,世評,Public opinion,play
女二,本当に。何だって、はやくあの鎖を切ってしまわないのかしら。,f,Kan Kikuchi,m,世評,Public opinion,play
女一,去年評判になった隊商の妻が、通ったと云うから追いかけて来たのですよ。,f,Kan Kikuchi,m,世評,Public opinion,play
女二,わたしも。,f,Kan Kikuchi,m,世評,Public opinion,play
女三、四,わたしも。,f,Kan Kikuchi,m,世評,Public opinion,play
男一,うむ。去年評判になった女が居ると云うんだね。,m,Kan Kikuchi,m,世評,Public opinion,play
男二,うむ。おお、あれだ。あれだ。ほら、あのつくばっている駱駝にもたれながら、赤ん坊をあやしている女が、たしかにあれだ。ホラ今顔を上げた。,m,Kan Kikuchi,m,世評,Public opinion,play
男四,なるほど、違いない。見覚えのある美しい顔だ。,m,Kan Kikuchi,m,世評,Public opinion,play
女一,可愛そうに、あの嫌な亭主の赤ん坊を生んだのかしら。,f,Kan Kikuchi,m,世評,Public opinion,play
女二,でもあの亭主が見えないわねえ。,f,Kan Kikuchi,m,世評,Public opinion,play
女三,ほんとに。,f,Kan Kikuchi,m,世評,Public opinion,play
女四,私先刻から、亭主を探しているのよ。,f,Kan Kikuchi,m,世評,Public opinion,play
女五,見えないわねえ。何どうしたのだろう。,f,Kan Kikuchi,m,世評,Public opinion,play
男一,おいあの女の傍に若い男が居るじゃないか。,m,Kan Kikuchi,m,世評,Public opinion,play
男二,うむ、同じ駱駝にもたれているね。,m,Kan Kikuchi,m,世評,Public opinion,play
男四,それに見ろ！ あの女の足には銀の鎖が付いてないぜ。,m,Kan Kikuchi,m,世評,Public opinion,play
女二,到頭とうとうあの鎖を断ってしまったんだわねえ。,f,Kan Kikuchi,m,世評,Public opinion,play
女三,あの嫌な年寄の亭主から逃げたんだわねえ。,f,Kan Kikuchi,m,世評,Public opinion,play
男三,（何処からか現われる）お前さん達は、まだあの女の話を知らないんだねえ。あの女が、若い男をこさえて、あの年寄の隊商を捨てた話を。,m,Kan Kikuchi,m,世評,Public opinion,play
女達,まあ。まあ。,f,Kan Kikuchi,m,世評,Public opinion,play
男三,随分、思い切って逃げてしまったんだよ。,m,Kan Kikuchi,m,世評,Public opinion,play
女達,まあ。,f,Kan Kikuchi,m,世評,Public opinion,play
男二,あの横に坐っている男が、それなんだねえ。畜生！ うまくやってやがらあ。,m,Kan Kikuchi,m,世評,Public opinion,play
男四,あんな生若い小僧のくせに。,m,Kan Kikuchi,m,世評,Public opinion,play
男五,女よりも年下じゃないか。生意気に。,m,Kan Kikuchi,m,世評,Public opinion,play
女一,まあ、到頭亭主を打っちゃったんですって。,f,Kan Kikuchi,m,世評,Public opinion,play
男三,しかも、女の方から手きびしい絶縁状を送ったんだよ。,m,Kan Kikuchi,m,世評,Public opinion,play
女二,まあ、あんまりやり方がひどいわね。,f,Kan Kikuchi,m,世評,Public opinion,play
男一,ほんとうだ。男と云うものを馬鹿にしている。女から絶縁状を送るなんて。,m,Kan Kikuchi,m,世評,Public opinion,play
男二,ほんとうだ。しかも、人もあろうに、あんな年下の小僧とくっつくなんて。,m,Kan Kikuchi,m,世評,Public opinion,play
男四,それに、あの赤ん坊だって、あの小僧の子だろう。,m,Kan Kikuchi,m,世評,Public opinion,play
男一,そうだろうとも。いけずうずうしい女だ。,m,Kan Kikuchi,m,世評,Public opinion,play
女一,ほんとうに。それじゃ。あの亭主が可愛そうだ。,f,Kan Kikuchi,m,世評,Public opinion,play
女二,ほんとうに。年寄で、いやな男だったけれども、何だか実意のありそうな男だったわ。,f,Kan Kikuchi,m,世評,Public opinion,play
女三,そう、私もそう思っていたの。何だか頼もしい親切な男らしかったわ。,f,Kan Kikuchi,m,世評,Public opinion,play
女四,そうですとも。だから、あんなに立派な胸飾りや、ダイヤモンドの耳輪なんかをさせて置いたんだわ。,f,Kan Kikuchi,m,世評,Public opinion,play
女一,ほんとうにね。いくら愛がない結婚だからと云って、亭主は亭主じゃないの。,f,Kan Kikuchi,m,世評,Public opinion,play
女二,そうですとも。亭主の顔を蹂みにじってあんな若い男と、一緒になるなんて、ひどい女だわねえ。,f,Kan Kikuchi,m,世評,Public opinion,play
女三,そう云えば、初めからそんな薄情者のような気がしたわねえ。,f,Kan Kikuchi,m,世評,Public opinion,play
女四,よく恥しくもなく、子供まで連れてこんな所を通れるわねえ。,f,Kan Kikuchi,m,世評,Public opinion,play
女五,そっと、隠れているのなら、まだしも。男と同じに、一緒に駱駝にもたれているなんて。,f,Kan Kikuchi,m,世評,Public opinion,play
女一,薄情者！ 人でなし！,f,Kan Kikuchi,m,世評,Public opinion,play
女二,ああ捨てられた年寄の亭主が可愛そうだわ。,f,Kan Kikuchi,m,世評,Public opinion,play
女三,ほんとうだわね。,f,Kan Kikuchi,m,世評,Public opinion,play
男一,ほんとうに、ずうずうしい女だ。バグダッドの役人達に渡してしまうといいんだ。まぎれもない姦通じゃないか。この女の兄貴の貴族と云うのは、どんな面をしているのだ。,m,Kan Kikuchi,m,世評,Public opinion,play
男二,こんな女が出れば、こんな女を許して置けば、世の中が滅茶滅茶になってしまう。,m,Kan Kikuchi,m,世評,Public opinion,play
男四,ほんとうだ。うんと、とっちめてやるといいんだ。,m,Kan Kikuchi,m,世評,Public opinion,play
男三,可愛そうに、みんなの声が聞えると見えて、モジモジしているよ。,m,Kan Kikuchi,m,世評,Public opinion,play
女一,いい気味だわ。もっと、ののしってやりましょうよ。薄情者！,f,Kan Kikuchi,m,世評,Public opinion,play
女二,浮気者！,f,Kan Kikuchi,m,世評,Public opinion,play
女三,人でなし！,f,Kan Kikuchi,m,世評,Public opinion,play
男三,到頭、じっとして居られなくなったと見えて立ち上ったよ。,m,Kan Kikuchi,m,世評,Public opinion,play
男一,そんな泣顔を見せたって駄目だよ。,m,Kan Kikuchi,m,世評,Public opinion,play
女一,もうその手には乗らないわ。,f,Kan Kikuchi,m,世評,Public opinion,play
女二,いくら悲しそうな顔を見せたって駄目よ。,f,Kan Kikuchi,m,世評,Public opinion,play
男三,でも何か歌い出したよ。,m,Kan Kikuchi,m,世評,Public opinion,play
女三,きかないきかない。,f,Kan Kikuchi,m,世評,Public opinion,play
女四,ほんとうに誰が、きいてやるものか。亭主を蹂みにじった女なんかの云うことを。,f,Kan Kikuchi,m,世評,Public opinion,play
男三,金銭の恋、偽りの愛を捨てて本当に自分を愛して呉れる青年の胸に走ったと歌っているんだ。,m,Kan Kikuchi,m,世評,Public opinion,play
男一,ずうずうしい！ そんなことを云っているのか。,m,Kan Kikuchi,m,世評,Public opinion,play
女一,あきれたわねえ。,f,Kan Kikuchi,m,世評,Public opinion,play
女二,ひどい女！,f,Kan Kikuchi,m,世評,Public opinion,play
男二,ふてい女だ。,m,Kan Kikuchi,m,世評,Public opinion,play
男四,べらぼうめ！ 人を馬鹿にしている！（石を一つ投げる）,m,Kan Kikuchi,m,世評,Public opinion,play
男一,ひどい奴だ！ こいつを喰え！,m,Kan Kikuchi,m,世評,Public opinion,play
女達,ほんとうに。あきれた人だ！,f,Kan Kikuchi,m,世評,Public opinion,play
男達,やってしまえ！,m,Kan Kikuchi,m,世評,Public opinion,play
男達,ざまを見ろ、いい気味だ。,m,Kan Kikuchi,m,世評,Public opinion,play
女一,到頭、やられてしまったわねえ。,f,Kan Kikuchi,m,世評,Public opinion,play
女二,でもこんなにひどくやられると、また何だか可愛そうだわねえ。,f,Kan Kikuchi,m,世評,Public opinion,play
女三、四,ほんとうにねえ。,f,Kan Kikuchi,m,世評,Public opinion,play
第一の精霊,サテサテマア、何と云うあったかな事だ、飛切りにアポロー殿ドノが上機嫌だと見えるワ。日影がホラ、チラチラと笑って御ざる。,m,Miyamoto Yuriko,f,葦笛,Reed flute,play
第二の精霊,アポロー殿が上機嫌になりゃ私共までいや、世の中のすべてのものが上機嫌じゃがその中にたった一つ嬉しがりもせず笑いもせなんだものがあると気がるなあの木鼠奴が通りすがりの木の枝からわしに声をかけおった。何じゃろ、今日のよな日のあてものにはもってこいと云うものじゃ……,m,Miyamoto Yuriko,f,葦笛,Reed flute,play
第一の精霊,嬉しがりもせず笑いもせなんだ？ 一寸思えばうす暗い中にうごめいてござるプルートーかさもなくば――ものがもの故あとが一寸はつづかぬワ、マいずれその近くに違いあるまい。,m,Miyamoto Yuriko,f,葦笛,Reed flute,play
第二の精霊,コレ、若い人、何をそのよにだまってござる。年はとっても私等ワシラはこの通りじゃ。とりのぼせぬまでにうかれるのも春は良いものじゃワお身の唇はその様にうす赤くて――はたから見ても面白い話が湧いて来そうに見える。口あくと歯にしみる風は願うても吹いては居ぬ、サ、今のあてものでも云って見なされ下らない様でも面白いものじゃ。,m,Miyamoto Yuriko,f,葦笛,Reed flute,play
第三の精霊,私しゃ考えて居るのじゃ。,m,Miyamoto Yuriko,f,葦笛,Reed flute,play
第一の精霊,とは御相拶な、考える事のなさそうなお身が考えて居るとは、――今のあてものかそれともほかの事かな。,m,Miyamoto Yuriko,f,葦笛,Reed flute,play
第三の精霊,自分の事を考えて居るのじゃ。あてものよりもむずかしいものと見えて、すけをたのみたいほど迷って居るワ。,m,Miyamoto Yuriko,f,葦笛,Reed flute,play
第二の精霊,自分を？ 若い人には有り勝な事じゃワ、自分の心を機械カラクリかなんぞの様に解剖フワケをしてあっちこっちからのぞくのじゃ。あげくのはてが自分の心をおもちゃにしてクルリッともんどりうたしてそれを自分でおどろいてそのまんま冥府へにわかじたての居候となり下る。妙なものじゃ。,m,Miyamoto Yuriko,f,葦笛,Reed flute,play
第一の精霊,その様に覚ったことは云わぬものじゃよ。どこの御仁かわしゃ得知らんがあの精女の白鳩の様な足にうなされて三日三小夜まんじりともせなんだ御仁があると風奴がたよりをもて来た。叶う事なりゃ、も十年とびもどりたいと云うてじゃそうな。心あたりはないかな？,m,Miyamoto Yuriko,f,葦笛,Reed flute,play
第二の精霊,もうその先はやめにしよう、陽気のせいか耳がいたむワ。デモナ、口のさきではどうにでも□□（二字不明）るものじゃ、トックリと胸に手を置いて考えて見なされ、日光ヒにてらされたばかりじゃなくはげた頭が妙に熱うなる骨ばった手がひえて身ぶるいが出る事が必ず有ろうナ。ヘッ罪ツミ作りな……,m,Miyamoto Yuriko,f,葦笛,Reed flute,play
第一の精霊,若い人がござるは、年功でもない、一寸はつつしまねばならぬワイ。なんぼ春だと云うて御主のはげはやっぱりかがやいてあるのに、口元に関所を置いてとび出すならずものは遠慮なくからめとる様に手はずをなされ――そう思わぬか？,m,Miyamoto Yuriko,f,葦笛,Reed flute,play
第三の精霊,思うも思わぬもわたしゃそんなひまをもたぬ、考えるにせわしいワ。考えれば考えるほどわかりにくくばかりなる心を新規蒔なおしに考え始めにゃならぬ。,m,Miyamoto Yuriko,f,葦笛,Reed flute,play
第二の精霊,マ、そのまま考えたいなら考えさせて置きなされ、わし等に損は行かぬことじゃ。ところでじゃ、あの精女の姿を思い出して見なされ、思い出すどころかとっくに目先にチラツイてある事じゃろうがマア、そのやせ我まんと云う仮面をぬいで赤裸の心を出さにゃならぬワ、昨日キノウ今日知りあった仲ではないに……,m,Miyamoto Yuriko,f,葦笛,Reed flute,play
第一の精霊,（チラッと第三の精霊の方をぬすみ見しながら）ほんとうにそうじゃ、春さきのあったかさに老いた心の中に一寸若い心が芽ぐむと思えば、白髪のそよぎと、かおのしわがすぐ枯らして仕舞うワ。ほんとに白状しよう、わきを向いて居なされ――、お互さまじゃよ！,m,Miyamoto Yuriko,f,葦笛,Reed flute,play
第二の精霊,わしの目玉の黒い内はハハハハ……,m,Miyamoto Yuriko,f,葦笛,Reed flute,play
第一の精霊,だが及ばぬ事じゃ、いかな物ずきでもしわくちゃなはげおやじに……ウフフフフフおかしい様な気もするワ、いい年をして子の様な精女の姿にうなされるとは――はかりきれない美くしさをもって居ると見える。,m,Miyamoto Yuriko,f,葦笛,Reed flute,play
第二の精霊,若さと美くしさの盛の年をして居るペーン殿のこの頃の眼の光りをお主は気づいてござるか？ わしのすばしこい眼の奴は、ちゃんと見ぬいてしもうたワ、恋のやっこになってござるとナ。云うまでもなくシリンクスの肌のしなやかさをしとうてじゃ。,m,Miyamoto Yuriko,f,葦笛,Reed flute,play
第一の精霊,アポロー殿がとび切りの上機嫌の今日でさえ嬉しがりもせず笑いもせなんだものと云う謎はとけたワ。ペーン殿は、年がまだ若いワ、髪が房々としなやかで頬は豊かで――うらやましい事じゃ、今はなやんでござっても末の日の望はあるワ。,m,Miyamoto Yuriko,f,葦笛,Reed flute,play
第三の精霊,（ひくくうなされてうなる様に）私も同じ事でなやむのじゃ。ペーン殿には末の日の望があろうが私は、ただ無駄になやむばかりじゃ――。――ただ無駄に――,m,Miyamoto Yuriko,f,葦笛,Reed flute,play
第二の精霊,オヤ、若い御仁は何と云いなされた？――同じ事でなやむのじゃとナ？ とがめはせぬワ、無理だとも思わぬワ、じゃが、マ、ただながめるだけの事で御あきらめなされと云わねばならん様な様子をあの精女はして居るじゃ。,m,Miyamoto Yuriko,f,葦笛,Reed flute,play
第三の精霊,――,m,Miyamoto Yuriko,f,葦笛,Reed flute,play
第一の精霊,だれでも一度はうけるあまったるい苦しみじゃナ。そのあったかい涙をこぼして居られる中が花じゃと、私達の様になっては思われるワ。私達が若かった時――お事位の時には幸いあの精女の様な美くしい女は居なんだからその悲しみもうすいかなしみであったのじゃ。お事の若い心にはあの精女はあまり美くしすぎたの…………,m,Miyamoto Yuriko,f,葦笛,Reed flute,play
第二の精霊,ほんにその通りじゃ。美くしすぎたのじゃ世の中すべての男に――,m,Miyamoto Yuriko,f,葦笛,Reed flute,play
第二の精霊,来る！ 来る！ ソラ、あすこに、私達の――,m,Miyamoto Yuriko,f,葦笛,Reed flute,play
第一の精霊,もうお忘れかネ、美くしいシリンクスさん。,m,Miyamoto Yuriko,f,葦笛,Reed flute,play
精女,マア、――何と云う事でございましたろう、とんだ失礼を、――御ゆるし下さいませ。,f,Miyamoto Yuriko,f,葦笛,Reed flute,play
第二の精霊,マア、一寸まって下され。今もお主の噂をして居ったのじゃそこにソレ、花が咲いてござるワ、そこに一寸足をのして行っても大した時はつぶれませぬじゃ、そうなされ。,m,Miyamoto Yuriko,f,葦笛,Reed flute,play
第一の精霊,ほんにそうじゃ。お主の細工ものの様な足が一寸も休まずに歩くのを見ると目の廻るほど私は気にかかる――,m,Miyamoto Yuriko,f,葦笛,Reed flute,play
精女,いつもいつも御親切さまに御気をつけ下さいましてほんとうにマア、厚く御礼は申しあげますが急いで居りますから――この山羊の乳を早くもって参らなくてはなりませんでございますから――,f,Miyamoto Yuriko,f,葦笛,Reed flute,play
第一の精霊,お急ぎ？ それでもマ年寄の云う事は御ききなされ。,m,Miyamoto Yuriko,f,葦笛,Reed flute,play
精女,お主様がさぞ御まちかねでございましょう。私は早う持って参じなければならないのでございます。,f,Miyamoto Yuriko,f,葦笛,Reed flute,play
第二の精霊,ここに居る三人は皆お主をいとしいと思って居るものばかりじゃ故お主の御怒にふれたら命にかけてわびを叶えてしんぜようナ。,m,Miyamoto Yuriko,f,葦笛,Reed flute,play
第一の精霊,女子オナゴのかたくななのは興のさめるものじゃ、良い子じゃ聞き分けて休んでお出でなされ。,m,Miyamoto Yuriko,f,葦笛,Reed flute,play
精女,まことに――我がままで相すみませんでございますけれ共お主様に捧げました体でございますから自分の用でひまをつぶす事は気がとがめますでございますから今日は御許しあそばして――,f,Miyamoto Yuriko,f,葦笛,Reed flute,play
第一の精霊,お主様に捧げた？ おしい事じゃ、ほんにおしい事じゃ、お主の侍るお主――ダイアナ神は御事のために命をすてて御下さらんじゃろがここに居る三人の精霊――世の中にあるだけの精霊は皆お主のためなら命までもと云うておるじゃ。まして私共の様に白髪のない栗色の髪の房々した若い精霊の目が御主に会うた時のあの露のしたたりそうな輝きと会わなんだ時のあの曇り様をお主は知ってじゃろうが……,m,Miyamoto Yuriko,f,葦笛,Reed flute,play
第二の精霊,そうじゃほんにおしい事じゃ、若々しい美くしいお主は自由な体で気がるに花をつみうたをうたい舞うて居るのが良いのじゃ、「時」は遠慮なく立って幾十年か立つと私共の様な――こんなみにくくはあるまいがとにかく年を取らにゃならぬじゃ、若い中――ほんに短かい若い中を自由に美くしくすごさにゃああまりおしいワ、お主の様にましてうつくしい人ハナ、……,m,Miyamoto Yuriko,f,葦笛,Reed flute,play
第一の精霊,ソレ、その様に自然に咲きほこって居る花を足の先でじゃらして何も忘れて居るのがお主にはよく美くしさとつりあって居るのじゃナ。今の一日はそうして気ままに歌をうとうて舞をまうて居なされ、声の美くしい駒鳥も姿のよい紅雀もつれて来てお相手さしょう。,m,Miyamoto Yuriko,f,葦笛,Reed flute,play
第二の精霊,そうして居なされ。お主にそうして居られると私共は涙のこぼれるほど安心なおだやかな心持になれるのじゃ。美くしい花をもつ人はたれかがぬすみに来はせなんだかと思いわずらうと同じに私共はなやむのじゃ。,m,Miyamoto Yuriko,f,葦笛,Reed flute,play
精女,（涙ぐみながらいかにもこまったらしく小さなこえで）お主さまが御まちかねでございます。,f,Miyamoto Yuriko,f,葦笛,Reed flute,play
第一の精霊,御待ちかね？ ダイアナ殿は山羊の乳をまってござるのじゃ、私共はまっとそれより貴いものをダイアナ殿よりまちかねて居るのじゃ。,m,Miyamoto Yuriko,f,葦笛,Reed flute,play
第二の精霊,お主の心の花の咲くのをまちかねて居るのじゃ、幼子の様なお主の瞳にかがやきのそわるのをまちかねて居るのじゃ。,m,Miyamoto Yuriko,f,葦笛,Reed flute,play
精女,アラー？ マア――……,f,Miyamoto Yuriko,f,葦笛,Reed flute,play
第三の精霊,これまでに――お主を……命にかけてとまで思って居るのじゃ。,m,Miyamoto Yuriko,f,葦笛,Reed flute,play
精女,お立ち下さいませ、泥がつきます。私は貴方さまにそんなにしていただくほど身分の高いものではございませんですから……,f,Miyamoto Yuriko,f,葦笛,Reed flute,play
第一の精霊,云うでござる、身分の高いものではございませんですから――,m,Miyamoto Yuriko,f,葦笛,Reed flute,play
第一の精霊,年老いた私共は、その若人のするほどにも思われなければ又する勢ももう失せて仕舞うたのじゃ――が年若い血のもえる人達はようする力をもってじゃ。,m,Miyamoto Yuriko,f,葦笛,Reed flute,play
第一の精霊,体中をもって狂いまわる血の奴ヤツめが思う御人の前にその体をつきたおすのじゃ。,m,Miyamoto Yuriko,f,葦笛,Reed flute,play
第二の精霊,私共にも、出来る力をもった時はあったが幸か不幸か自分の体をなげ出すほど美くしい精女は居らなんだ故死なずにもすんだのじゃ。,m,Miyamoto Yuriko,f,葦笛,Reed flute,play
第三の精霊,何とか云うて下され、美くしいシリンクス。お主のその美くしいしおらしげな目ざしで、そのしなやかな身ぶりで私の血は段々なくなって行ってしまう。アア、どうしていいやら、私は心臓ばかりのものになったのじゃあるまいか――,m,Miyamoto Yuriko,f,葦笛,Reed flute,play
第三の精霊,だまってござるナ、何故じゃ、私のこのやぶけそうに波打って居る鼓動がお主にはきこえなんだか、この様にふるえる体がお主には見えなんだか――お主の着物はひだ多く縫うてあるに心はただまったいらな小じわ二つも入って居らぬ、何とか云うて下され、――もう私は口がきかれぬほど――,m,Miyamoto Yuriko,f,葦笛,Reed flute,play
第一の精霊,精女殿、哀れに思われなんだか？,m,Miyamoto Yuriko,f,葦笛,Reed flute,play
第二の精霊,して御やりなされ、悪い大神の御とがめをうくるほどの事ではない。,m,Miyamoto Yuriko,f,葦笛,Reed flute,play
第一の精霊,キッスをして御やりなされ額の上に――,m,Miyamoto Yuriko,f,葦笛,Reed flute,play
精女,（はっきりと）私はお主さまに朝と夕に御手にするほかいやでございます。,f,Miyamoto Yuriko,f,葦笛,Reed flute,play
第二の精霊,お主さまに――。ほんに体を捧げて御ざるワ。,m,Miyamoto Yuriko,f,葦笛,Reed flute,play
第三の精霊,有がとう、美くしいシリンクス、何とか云うて下されたんだ一こと、死ねとでも――,m,Miyamoto Yuriko,f,葦笛,Reed flute,play
第三の精霊,何とか云うて下され精女、死ねとでも云うて下され、たんだ一ことで良いワ。,m,Miyamoto Yuriko,f,葦笛,Reed flute,play
精女,（足元を見つめたまんま震える声で）云っても良いんでございましょうか、――お死に遊ばせ。,f,Miyamoto Yuriko,f,葦笛,Reed flute,play
第一の精霊,シリンクスお主はこの若人に何をお云いなされた？ あの笑い声は――あんまりとりとめもない声だったが――,m,Miyamoto Yuriko,f,葦笛,Reed flute,play
精女,（かおを赤くしながら無邪気に）アノ、私はこの方が死ねと云えとおっしゃいましたので申したんでございますが――この方はそれをきいて御笑いなさったまででございます。,f,Miyamoto Yuriko,f,葦笛,Reed flute,play
第二の精霊,死ね？ 思い切った事をお主は御云いなされた――コレ若い人、お主はそれをほんの心で聞いては大した事が出来ぬともかぎらぬ、じょうだんだと聞き流され、三つ子の云うた事だと思って居なされナ？,m,Miyamoto Yuriko,f,葦笛,Reed flute,play
第三の精霊,私のほんの心できいてもなにも大した事等は起らぬ、私がこの精女殿に――まっしろけな幼児の様な心をもったこの御人にたのんで云うてもらった事じゃ。,m,Miyamoto Yuriko,f,葦笛,Reed flute,play
第二の精霊,その様な事をたのむとはサテサテ――ほんとうに御主にはこの精女殿が美くしすぎたのじゃ。,m,Miyamoto Yuriko,f,葦笛,Reed flute,play
第三の精霊,私はこの上もない安心を得たのじゃ。,m,Miyamoto Yuriko,f,葦笛,Reed flute,play
第三の精霊,美くしい精女殿、お二人の御年寄――さらばじゃ、この上ないよろこびのみちたところへ行く――青い水草は私の体をフンワリと抱えて冬の来ぬ国につれて行くワ、一寸の間頭の上に置いてたもった精女殿の指のほそさとうでの白さを夢見ながら、,m,Miyamoto Yuriko,f,葦笛,Reed flute,play
シリンクス,お主さまからしかられよう――私はただあの人が云って呉れと云った事ばかりを云ったのにあの人はあんなに川にとんで行ってしまった、二人の人も行って――私はマアこのひろい中にたった一人になってしまった。,f,Miyamoto Yuriko,f,葦笛,Reed flute,play
ペーン,お前は泣いて居るネ、そして又大層美くしい。,m,Miyamoto Yuriko,f,葦笛,Reed flute,play
ペーン,何にもそんなにおどろくことはない。私はお前をどうしようと云うのではないから、どうして泣いて居る？,m,Miyamoto Yuriko,f,葦笛,Reed flute,play
ペーン,何故だまって居る？ そんなに沈んだ泣いた眼をして居ると御前の美くしさは早く老いてしまうから――誰かが御身をつらくしたなら私は自分はどうされても仇をうってあげるだけの勇気を持って居るのだよ。,m,Miyamoto Yuriko,f,葦笛,Reed flute,play
精女,誰にもどうもされたのではございませんけれ共――今ここに参りましたら老人と若人と三人の精霊が居りましてその若い人は私の前に体をなげ出しましたんでございます。そしたら年とった人達が髪の毛の上に手を置いて御あげ額に一度だけキッスして御上げって申しましたから私はその通りに髪の上に手をのせてあげたんでございます。,f,Miyamoto Yuriko,f,葦笛,Reed flute,play
ペーン,お前が？ お前が？ 私が三度あんなに心をこめた文をやったのに何とも云わない人が？ そうしたらどうおしだ？,m,Miyamoto Yuriko,f,葦笛,Reed flute,play
精女,そうはいたしましたけど――私は何も申しませんでした。そしたら若い人は私に死ねと云え、死ねと云えと申しましたから私は云ってしまいました。,f,Miyamoto Yuriko,f,葦笛,Reed flute,play
ペーン,ほんとうにマア、お前は美くしい体と心をもって居る事、私に御前の手の先だけさわらして御呉れ、その象牙ぼりの様な手の中に入れる事を――,m,Miyamoto Yuriko,f,葦笛,Reed flute,play
精女,御さわりにならないで下さいませ。,f,Miyamoto Yuriko,f,葦笛,Reed flute,play
ペーン,何故？ 私はきたないものなんかは一寸もさわりゃしない――お前の手をさわりたいために私の花園で一番美くしい花の精をぬって来たほどだもの。,m,Miyamoto Yuriko,f,葦笛,Reed flute,play
精女,御やめ下さいませ、何となく悪い事の起る前兆の様な気が致します。,f,Miyamoto Yuriko,f,葦笛,Reed flute,play
ペーン,悪い事？ 私は若い、そいで相応に見っともなくないだけに美くしい、それが若い美くしいやさしい精女に恋をする、何故悪い事だろう？,m,Miyamoto Yuriko,f,葦笛,Reed flute,play
ペーン,マア何と云う御前は美くしい事だ。そのこまっかい肌、そのうす赤くすき通る耳たぼをもって居る御前は――世界中にある美くしいものにつける形容詞を集めても御前の美くしさを云う事は出来まいネー。,m,Miyamoto Yuriko,f,葦笛,Reed flute,play
精女,――,f,Miyamoto Yuriko,f,葦笛,Reed flute,play
ペーン,お前はだまって居る。そのしまった口元、見つめた目つき――美くしい事だ、ほんとうに。ビーナス殿の頬の豊かさも眼の涼しさも御前にはキット及ばないに違いない。,m,Miyamoto Yuriko,f,葦笛,Reed flute,play
精女,そんなにおっしゃらないで下さいませ、そんなにおっしゃられるほどのものじゃあございませんですから――,f,Miyamoto Yuriko,f,葦笛,Reed flute,play
ペーン,まっしろな銀で作った白孔雀の様な――夜光球や蛋白石でかざった置物の様な――私はそう思って居るのだよ。,m,Miyamoto Yuriko,f,葦笛,Reed flute,play
ペーン,お前の方がよっぽど美くしいと私は思って居るのだ。,m,Miyamoto Yuriko,f,葦笛,Reed flute,play
ペーン,ネー、シリンクス？ 私は一寸ためらわずにハッキリと「お前を愛して居る」と云えるのだよ。私の前にどんな尊いものがあってもどんなに立派な人が居ても――私はお前の心から侍えて居るダイアナに誓っても――アアそれはいけなかった、月は一晩毎に変るからいつでも同じ太陽に誓ってお前を愛して居るのだよ、どうぞ何とか云って御呉れ。,m,Miyamoto Yuriko,f,葦笛,Reed flute,play
精女,おっしゃらないで下さいませ――どうぞ。,f,Miyamoto Yuriko,f,葦笛,Reed flute,play
ペーン,どうぞ云わして御呉れ、そいでどうぞ御前の手にさわらせて御呉れ、どうぞ私の心を考えて御呉れ、アアお前はあんまりきれいな心をもって居る！,m,Miyamoto Yuriko,f,葦笛,Reed flute,play
精女,――,f,Miyamoto Yuriko,f,葦笛,Reed flute,play
ペーン,シリンクス！ 美くしい精女！ 私の気が狂いそうになって来た。私の目の前に――心の前にお前の顔が渦巻いて――あんなに調子をとった足なみで迫って来るじゃあないか？ 私は何を云うんだろう。,m,Miyamoto Yuriko,f,葦笛,Reed flute,play
精女,アア私はどうしよう、さっきの若い人はキット川に入ってしまったんだろう、あの人は死んでしまったんだろう。そして又この方まで……アア恐ろしい。,f,Miyamoto Yuriko,f,葦笛,Reed flute,play
精女,おやめあそばせ！ こわうございます！ 息がつまりそうでございますワ。アラ、アポローさまがあんなにケラケラ笑っていらっしゃいます、冥府の御使者がソラ！ そこの草のかげから目ばかり出して居りますワ！,f,Miyamoto Yuriko,f,葦笛,Reed flute,play
精女,おさわりになりまして？ おさわりになったんでございますか？ アア私の終りの日がとうとう参りましたワ、お主さまのところへも参れません、アアほんとうに終りの日が参ったんでございますワ。,f,Miyamoto Yuriko,f,葦笛,Reed flute,play
精女,お許し下さいませ、お主さま！ ダイアナ様！,f,Miyamoto Yuriko,f,葦笛,Reed flute,play
やす子,（少し延び上って、卓子（テーブル）の中央に煮えている寄せ鍋の加減を見る）どう？ お加減は。もう少し足しましょうか？,f,Miyamoto Yuriko,f,宵,Evening,play
良三,結構だよ。有難う、お前もおあがりな、まあそう気を揉むなよ。,m,Miyamoto Yuriko,f,宵,Evening,play
やす子,（笑う）気なんか揉みゃしませんわ、だけれど、どうかと思って……,f,Miyamoto Yuriko,f,宵,Evening,play
やす子,ああ、忘れていた！（と云いながら良人の顔を見る。）先刻ね、津本さんからお電話が掛りましてよ。,f,Miyamoto Yuriko,f,宵,Evening,play
良三,ほう何だッて？,m,Miyamoto Yuriko,f,宵,Evening,play
やす子,矢張りいつものお嬢さんのこと。二三日前からどうも工合がよくないから、今夜でも来てくれっておっしゃるの。だけれども、まだお帰りがなかったから、とにかく御用の趣だけは申し伝えます、と云って置きましたわ……（一種の表情）それにしてもまああのお家じゃあ、よくお嬢さんに病気許りさせていらっしゃるのね、先月だってどこか苦情がおありになったんでしょう？,f,Miyamoto Yuriko,f,宵,Evening,play
良三,可哀そうに。まさか病気を「させ」る積りじゃああるまいが――とにかく弱いことは弱いね。,m,Miyamoto Yuriko,f,宵,Evening,play
やす子,でも、私あの方のお家を見ると、ただ生れつき弱いからという許りじゃあないように思えますわ。おかあさまなんか、まるで家に落付いていらっしゃらないんですもの。いつだって、熱度の計りようも知らないような女中だか家庭教師だか見たいな人ばかり、電話に出るんですのよ。,f,Miyamoto Yuriko,f,宵,Evening,play
良三,（苦笑）まあいいさね、どうでも。津本のことは津本のことだ。そう憤慨しずに御飯でもよそっておくれ。（茶碗を出す）,m,Miyamoto Yuriko,f,宵,Evening,play
やす子,（無条件な笑顔）だって……子供が可哀そうですわ（飯を盛って渡す。また真面目な表情）――だけれど、ああいう方なんか、どんな心持で御自分の子供を見ていらっしゃるんでしょうね。,f,Miyamoto Yuriko,f,宵,Evening,play
良三,（幸福を感じつつ揶揄（やゆ）する）それは、お前は偉いさ。何にしろ模範的賢母なんだからね、つや子がさぞ素晴らしいものになるだろうよ。,m,Miyamoto Yuriko,f,宵,Evening,play
やす子,……（微笑）,f,Miyamoto Yuriko,f,宵,Evening,play
良三,然し、また、柳田の奥さんみたいでも堪らないからな。いくら拘（かま）わないのがいけないからって、ああ子供と医者とで討死しちまうようじゃあ助からない。,m,Miyamoto Yuriko,f,宵,Evening,play
やす子,（はっきりして、良人を見る）まあ、そんな？,f,Miyamoto Yuriko,f,宵,Evening,play
良三,一遍行って会って御覧、大抵の者はいい加減毒気を抜かれるよ。,m,Miyamoto Yuriko,f,宵,Evening,play
やす子,（苦笑）……,f,Miyamoto Yuriko,f,宵,Evening,play
書生,これが参りました。,m,Miyamoto Yuriko,f,宵,Evening,play
やす子,はい、どうも有難う。（一まとめにしてそれ等を良人に渡す。書生去る。良三、箸を持ったまま、先ず上の封書を開き黙読する）［＃底本では、このト書きのみ２行目から天より４字下げ］,f,Miyamoto Yuriko,f,宵,Evening,play
やす子,（静に鉄瓶から茶碗に湯を注（つ）ぐ。良人の方を眺めながら）何方（どなた）から？,f,Miyamoto Yuriko,f,宵,Evening,play
良三,山田さ。……また朝鮮から出て来たから、土曜の晩にでも、一緒に飯を食いたいって云って寄来したのだ。,m,Miyamoto Yuriko,f,宵,Evening,play
やす子,そうお。よくお出られになるのね。そのくらい自由が利けば、朝鮮も悪くありませんわね。うちへお呼びしてもよろしいことよ。（夕刊を取ろうとして、一つの封書に目をつける。ふと、意外だという表情）,f,Miyamoto Yuriko,f,宵,Evening,play
良三,（読みかけの手紙からチラリとその方を見）へえー、何だろう、まさ子ならそうだね。（読み終ったのを手早く封筒に入れ、やす子の出す、灰色っぽい手紙をとる。裏表をかえして見）何が起ったんだろう。,m,Miyamoto Yuriko,f,宵,Evening,play
やす子,（箸箱へ、良人と自分との箸をしまいながら、時々くり拡げられる巻紙を見る）短いじゃあありませんの。,f,Miyamoto Yuriko,f,宵,Evening,play
良三,うむ。（注意を全く手紙に奪れている。読むにつれて、次第に陰気な、険しい表情が眉宇（びう）の間に漲って来る）,m,Miyamoto Yuriko,f,宵,Evening,play
やす子,（それに心付き、心配そうに小声で訊く）どうなすったの？,f,Miyamoto Yuriko,f,宵,Evening,play
良三,（無言。口元が激した感情で、次第に緊張して来る。読み終ると、ぞんざいに、巻紙を拡げたまま卓子（テーブル）の上になげ出す）フム！（溜息と共に吐く）,m,Miyamoto Yuriko,f,宵,Evening,play
やす子,（思わず愕然とする）まあ！ どうなすったのよ、ほんとに。（手紙と良三を素早く見較べる）何と云ってお寄来しになりましたの、見てもいいでしょう？（手紙を取ろうとする）,f,Miyamoto Yuriko,f,宵,Evening,play
良三,まあお待ち。僕が読んでやる。（感情を強いて制した語勢）あの奥さんが、また芝居気を出したのさ。つまらない。こんなものを寄来して、どうしようというんだ！,m,Miyamoto Yuriko,f,宵,Evening,play
やす子,そんなに亢奮なすったって仕様がないじゃあないの？ だから何と云ってお寄来しになりましたって云うのに。,f,Miyamoto Yuriko,f,宵,Evening,play
良三,じゃあいいかね、読むよ（わざと、手紙に対しての侮蔑を示すような、おどけかた）よく聞いておいで。（以下文面）,m,Miyamoto Yuriko,f,宵,Evening,play
やす子,（思わず）まあ！！［＃「！！」は横１文字、1-8-75］,f,Miyamoto Yuriko,f,宵,Evening,play
良三,（おっかぶせ）これからが聞きものなのさ。（文面）,m,Miyamoto Yuriko,f,宵,Evening,play
良三,どうだい？（やす子が涙を目一杯にしているのを見て、我知らず調子を変える）勿論僕だって、子供に死なれたことは幾重にも同情するさ。親の身になったら全く堪るまいからな、然し、自分の子供が死んだからって、何も、僕にこんな意味深長な矢文を投げて寄来さないだっていいじゃあないか？ 底意が癪に触る。どうしろと云うのだ！（次第に語気烈しくなる）,m,Miyamoto Yuriko,f,宵,Evening,play
やす子,（感動した顔をあげる）……だって、――それは嘘ではありませんことよ。貴方！（凝（じ）っと良三を見る）,f,Miyamoto Yuriko,f,宵,Evening,play
良三,嘘ではないって――書く動機がか？,m,Miyamoto Yuriko,f,宵,Evening,play
やす子,ええ。――それは確に少し何だか……そうね、芝居がかりかも知れないけれども、ほんとはほんとですことよ。あの方は、ほんとにそういう感動に打れてお書きになったのですわ――（低い、厳かな声）一体、貴方、何をなさったの？,f,Miyamoto Yuriko,f,宵,Evening,play
良三,何をなすった？ ハハハ（神経的な笑）細君に迄そう詰問されちゃあ立つ瀬がないね。何でもありゃあしないのさ、（自ずと弁解的な口調に落ちる）ほら、いつだったか、余程前に、岡や何かと釣に出かけようとしている時、柳田から電話が掛ったことがあったろう？,m,Miyamoto Yuriko,f,宵,Evening,play
やす子,（手紙をとりあげ、見るとなく眺め、考えに沈んでいる）そうでしたかしら、思い出せませんわ。,f,Miyamoto Yuriko,f,宵,Evening,play
良三,その時、奥さんが自分で電話に出て、僕に来てくれと云ったのさ、去年生れた子が、どうも呼吸器を悪くしているらしいからってね。然し、僕の方だって偶（たま）の休みで、せっかく岡たちとも約束してあるのだから、事情を云って断ったのだ、ほかに仕様がなかったからね。それを今日まで根に持っているのだ。――,m,Miyamoto Yuriko,f,宵,Evening,play
やす子,それだけのこと！（疑しそう）,f,Miyamoto Yuriko,f,宵,Evening,play
良三,勿論じゃあないか！（力瘤を入れる）その時こう云ったのだ。僕も今日は偶の休みで、釣に行くところで駄目ですから、明日病院の方へ連れていらっしゃいってね。そうしたら、怒ったような声で、戸外（そと）が寒いのに風には当てられません、またいずれそのうちに致しますって云っていたっけが……一体、何さ、子供をなくした女親なんていうものは、誰の顔を見ても食ってかかりたいものだろうさ、泣きたいならいくら泣いても構わないが、見当違いの説法だけは聞かされたくないものだね……ああ、ああ（坐ったまま擬勢的な空欠伸（あくび）をする）詰らない商売を始めたもんだ！,m,Miyamoto Yuriko,f,宵,Evening,play
やす子,（良三の様子を苦々しげに見る）貴方。よくそんな平気な風をしていらっしゃれるのね、お気の毒じゃあありませんか。一寸電話ででもお悔みを云っておあげ遊ばせよ。あんなに子供を命にしていらっしゃる方が……可哀そうだわ。――何番？（立とうとする）,f,Miyamoto Yuriko,f,宵,Evening,play
良三,おい、止せ止せ。下らない！,m,Miyamoto Yuriko,f,宵,Evening,play
やす子,（中腰のまま）まあ。何故？ そうすべきものではありませんの？ 貴方。,f,Miyamoto Yuriko,f,宵,Evening,play
良三,僕はいやだよ。妙に人道主義者振るのはよしてくれ。詰らない。――,m,Miyamoto Yuriko,f,宵,Evening,play
やす子,それは奥さんのなさりかたも感情的ね。――でも……何だか気が済まないようじゃあありませんの？ さっぱりしませんわ、電話をかけましょうよ。,f,Miyamoto Yuriko,f,宵,Evening,play
良三,――少しは胆にこたえたか、と云って奥さんは、いよいよ壮重な涙を「幾百の幼児のために」こぼすだろう。,m,Miyamoto Yuriko,f,宵,Evening,play
やす子,随分意地ずくね（目に止まらぬ寂しき笑）……無理にかけようとは申しませんことよ。,f,Miyamoto Yuriko,f,宵,Evening,play
良三,（黙々として楊子を使いながら、夕刊を見はじめる。いくら辛辣な言葉を吐いても、気分のうっとうしさは散じきらないという様子）,m,Miyamoto Yuriko,f,宵,Evening,play
やす子,せっかくの御飯が台なしになりましたわね、いけなかったこと。（努めて良三の気を引立たせようとする本能的な心づかい。ちょいちょい彼の方を見ながら、食卓を片づけ始める。）,f,Miyamoto Yuriko,f,宵,Evening,play
やす子,（手塩（てしお）を親指と央指（なかゆび）とで抓（つま）みあげたまま、耳を立てる）つやちゃんだわ……どうしたんだろう今頃……（振返って、茶箪笥の上の時計を見る）,f,Miyamoto Yuriko,f,宵,Evening,play
やす子,（独白）困るわね、泣くと連れて来るんですもの。,f,Miyamoto Yuriko,f,宵,Evening,play
やす子,たみ、こちらへ連れておいで。,f,Miyamoto Yuriko,f,宵,Evening,play
やす子,はい、はい、つやちゃんや、どうしたの、え？（可愛くて堪らなそうにたみ［＃「たみ」に傍点］の手からとり、頬ずりをする。顔を離し）ばあ！（と笑う）,f,Miyamoto Yuriko,f,宵,Evening,play
やす子,まあ、どうしたのだろう（子守に向って）余程前からこんななの？,f,Miyamoto Yuriko,f,宵,Evening,play
たみ,いいえ、それほどでもございません。何だか不意にお泣き出しになって……,f,Miyamoto Yuriko,f,宵,Evening,play
やす子,どうしたんでしょうね本当に。,f,Miyamoto Yuriko,f,宵,Evening,play
やす子,一寸、貴方！（良三の背中を呼ぶ）済みませんけれども一寸見てやって下さらないこと？,f,Miyamoto Yuriko,f,宵,Evening,play
良三,（やや面倒くさそうに）おむつだよ。,m,Miyamoto Yuriko,f,宵,Evening,play
やす子,そんなことあるもんですか。……取りかえてやってくれたろう？,f,Miyamoto Yuriko,f,宵,Evening,play
たみ,今一寸前すっかりおなおし致しました。,f,Miyamoto Yuriko,f,宵,Evening,play
やす子,それだものね、おむつじゃあないわね。父ちゃま、何でも、おむつでは困りますよっておっしゃい、つやちゃん。,f,Miyamoto Yuriko,f,宵,Evening,play
良三,耳が？ どうしたんだ。（ぱっと立って来る）,m,Miyamoto Yuriko,f,宵,Evening,play
やす子,耳から血が、これ、こんな、塊（かたま）って出ているのよ。,f,Miyamoto Yuriko,f,宵,Evening,play
たみ,（顔色を変える）ほんとでございますか？（二人の間から覗き込もうとする）,f,Miyamoto Yuriko,f,宵,Evening,play
やす子,ほら！ 御覧なさい。こんなよ、どうしましょう。（せわしく良三とつや子の顔に眼を走せる）,f,Miyamoto Yuriko,f,宵,Evening,play
良三,（無意識に緊張し、そっと耳の周囲を押して見る、つや子火のついたように泣く）,m,Miyamoto Yuriko,f,宵,Evening,play
やす子,（もう真蒼になり、我知らず厳しい声で）たみお前どうもしやしまいね。,f,Miyamoto Yuriko,f,宵,Evening,play
たみ,（おろおろする）まあ奥様！,f,Miyamoto Yuriko,f,宵,Evening,play
良三,まあいいから、早くあの書斎の机から反射鏡を持って来い。銀色の平べったい、ほら知ってるだろう、黒い柄のある。――,m,Miyamoto Yuriko,f,宵,Evening,play
たみ,はい（立つ。後から）,f,Miyamoto Yuriko,f,宵,Evening,play
やす子,熱度計りもね、赤いかさ［＃「かさ」に傍点］に入ったのよ。,f,Miyamoto Yuriko,f,宵,Evening,play
良三,（自らなる不安、頭を重ねてやす子と同じ処を見るようにする）どうしたのかな、変だね、急にこんな出血をするなんて、まだ新らしく出て来るかい？,m,Miyamoto Yuriko,f,宵,Evening,play
やす子,そうでもなさそうですわ。,f,Miyamoto Yuriko,f,宵,Evening,play
良三,（頭をつや子から離し）今迄どうもありあしなかったんだろうね。,m,Miyamoto Yuriko,f,宵,Evening,play
やす子,（憤然とする）そんな不注意だと思っていらっしゃるの？ さっきまで平常（ふだん）の通りだったんですわ……（まるで異った、苦しげな涙のつまった声。一語一語力を入れて）貴方……だいじょうぶ？,f,Miyamoto Yuriko,f,宵,Evening,play
良三,何が？,m,Miyamoto Yuriko,f,宵,Evening,play
やす子,何がって（睨（にら）むように顔を見合わせる）定（きま）ってるじゃあないの、若し……若し（泣き出す。急につや子を強く抱きしめ）可哀そうにね、つやちゃん、早くよくなって頂戴！ ほんとにかあさんが願うことよ。堪らないわ、私。――痛いの？ え？ 痛むの？,f,Miyamoto Yuriko,f,宵,Evening,play
良三,（真剣になって来る）痛いから泣くのさ。,m,Miyamoto Yuriko,f,宵,Evening,play
たみ,（殆ど馳けて二品を持って来る）はい。,f,Miyamoto Yuriko,f,宵,Evening,play
良三,（反射鏡で耳の内部を照して見る。息を潜めた周囲の沈黙。無言の裡に自分の位置を変えたり、つや子の頭を動したりした後）見えないね一向。中が汚れているせいだろう。,m,Miyamoto Yuriko,f,宵,Evening,play
やす子,（急に良三をせき立てる）仕様がないわね。貴方で駄目なら、どうぞ早く横田さんにお掛けになって頂戴よ。熱を計って見ますから。ね？,f,Miyamoto Yuriko,f,宵,Evening,play
良三,そうしよう。（行きかける）,m,Miyamoto Yuriko,f,宵,Evening,play
やす子,（後から）頭でも冷してやらないで大丈夫でしょうか。,f,Miyamoto Yuriko,f,宵,Evening,play
良三,（廊下へ踏み出しながら）まあともかく聞いて見よう。（去る）,m,Miyamoto Yuriko,f,宵,Evening,play
やす子,（身も世もあられない様子で、泣きじゃくるつや子の顔を見つめる。涙がひとりでに頬を落ちる。強いてはっきりした声で、その方は向かずに）たみ、ぱいぱいさんを持って来て御覧。,f,Miyamoto Yuriko,f,宵,Evening,play
たみ,はい。空（から）ぱいでよろしゅうございますか？,f,Miyamoto Yuriko,f,宵,Evening,play
やす子,ああ。早く。,f,Miyamoto Yuriko,f,宵,Evening,play
良三の声,あ、番町の三千九百五十六番……ああ、もしもし横田さんですか？ 先生は御在宅ですか？ そう、僕は中西ですが、一寸電話口まで出て頂けるでしょうか……ええ、――どうぞ。,m,Miyamoto Yuriko,f,宵,Evening,play
やす子,（僅にほっとしたらしく囁く）いらっしゃるらしいね。,f,Miyamoto Yuriko,f,宵,Evening,play
たみ,さようでございますね。（共にきき耳を立てる）,f,Miyamoto Yuriko,f,宵,Evening,play
良三の声,やあ横田君か？ せっかくお休の処を偉い邪魔をしたね。――いや、どう致して。……そうだろうとも。,m,Miyamoto Yuriko,f,宵,Evening,play
やす子,（確かりつや子を抱きながら、一層注意を傾ける）,f,Miyamoto Yuriko,f,宵,Evening,play
良三の声,フム、フム、そうかい――それは困ったな。,m,Miyamoto Yuriko,f,宵,Evening,play
やす子,（思わず、はっとする、つや子を抱いたまま立上る。）,f,Miyamoto Yuriko,f,宵,Evening,play
良三の声,いいや、決してそんなことはない。仕方がないさ。そうそうはお互に務まりかねるからねハハハ（強いて快活な笑声）――じゃあそうしてくれ給え、三谷にでも訊いて見よう、ウム有難う、じゃあ失敬、忙しい処を迷惑だったね……失敬。,m,Miyamoto Yuriko,f,宵,Evening,play
やす子,（まだ姿の現れない良三の方に顔を向けて、言葉をかける。非常に焦立った不安な声）どうでして？ 駄目？,f,Miyamoto Yuriko,f,宵,Evening,play
良三,駄目だとさ（云いながら出て来る）謡の会があって自分が主宰者だからどうしても今夜は抜けられないと云うんだ。（わざとやす子を見ず、つや子を覗き込む）どうだね？,m,Miyamoto Yuriko,f,宵,Evening,play
やす子,まあ！ 謡ですって？ 呑気ね、（やす子失望と不安で我知らず自制を失う）抜けられないって、一晩中掛るのじゃあ、あるまいし。あの方の謡なんかより、つや子の命の方が、よっぽど大切ですことよ。（良三を鋭く見る）うんそうかって引込んでいらっしゃる貴方も貴方ね。,f,Miyamoto Yuriko,f,宵,Evening,play
良三,おい、おい（たしなめる）「奥さん」になるなよ。そう無茶を云ったって仕様がないじゃあないか。（二重の意味ある声）あの男だって、偶の楽しみであって見ればフイにされたくもなかろうさ。（心に湧く感情を、強いて紛らすように、髭の辺を撫で、部屋を歩き廻り始める）,m,Miyamoto Yuriko,f,宵,Evening,play
やす子,（忽ち、或ることを直覚する。鋭い表情で良三を見詰める）弁解？,f,Miyamoto Yuriko,f,宵,Evening,play
やす子,貴方！ 八度一分よ。（緊張した沈黙、じっと喰い入るように落付かない良三を睨まえていたやす子は、怒った牝獅子のように憤然として）貴方！（唇が震える。それをぐっと堪（こら）え）私は、貴方の意地で、子供を殺してはいられませんよ。,f,Miyamoto Yuriko,f,宵,Evening,play
良三,（打たれたように、やす子を見る。つや子を見る。益々落付きなく部屋を歩き廻り、立止り、何か云おうとする。が、止め、遽（あわただ）しく部屋を出、廊下に消える。）,m,Miyamoto Yuriko,f,宵,Evening,play
良三の声,（沈んで重々しく）小石川の九百五十二番。,m,Miyamoto Yuriko,f,宵,Evening,play
ヴィンダー,（立ち止り、無作法に大伸びをし）ああ、偉い目に会った。筋も何もすっかりつまりおった。神々の饗宴と云う奴には、ほとほと参るぞ。,m,Miyamoto Yuriko,f,対話,Dialogue,play
ミーダ,全くだ。困るのは君ばかりじゃあない。見てくれ、折角荒々しいような執念いような、気味悪い俺の相好も、半時彼方で香の煙をかいで来ると、すっかりふやけて間のびがして仕舞った。（手でごしごし顔を撫で廻す）どうだ、少しは俺らしくなったか？,f,Miyamoto Yuriko,f,対話,Dialogue,play
ヴィンダー,（其方は見ず）上帝の奴、手に負えない狡猾者だ。俺達やカラは、地体ああ云ういやに晴れ晴れした席にいたたまれないのを百も承知でいながら、何食わぬ顔で叮嚀に請待しおる。なまじい、諸神なみに扱われるので、ふてて思う存分あたけることも出来はせぬ。,m,Miyamoto Yuriko,f,対話,Dialogue,play
ミーダ,未だ音楽が聴えるな。――アポローばりの立琴をきかせられたり、優らしい若い女神が、花束飾りをかざして舞うのを見せられたりすると、俺の熾な意気も変に沮喪する。今も、あの宮の階段を降りかけていると丸々肥って星のような眼をした天童が俺を見つけて、「もうかえゆの？ 又、いらっちゃい」と、頭を振って挨拶をした。妙に暖かいような他愛ない魔気が襲いかかって、危く、何より大敵のにこにこ笑いに捕まりそうになったが。――彼処はいけないよ。油断がならない。,f,Miyamoto Yuriko,f,対話,Dialogue,play
ヴィンダー,が、まあ此処ここまで来れば、其の心配もないと云うものだ。――どうれ！（第二の天の宮の真中に仰向きにたおれる）縮んだ惨めな筋肉ども！ 延び拡がって活気をつけろ！,m,Miyamoto Yuriko,f,対話,Dialogue,play
ミーダ,（ヴィンダーブラの傍に胡坐あぐらを組んで四辺あたりを見廻す。）誰も未だ帰っていないな。,f,Miyamoto Yuriko,f,対話,Dialogue,play
ヴィンダー,俺達のように、意志の明白な者はいない証拠だ。い辛いのに、弱気で堅くなっているんだろう。天帝に媚びれば、仕事が殖えるとでも思っているなら愚の骨頂だ。,m,Miyamoto Yuriko,f,対話,Dialogue,play
ミーダ,――……森としているなあ。何だか四辺ががらんとしすぎて、いつもなら聞えない第一天の物音が、つつぬけに耳の穴へ忍び込みそうだ。カラでも早く帰って来ればいいのに。,f,Miyamoto Yuriko,f,対話,Dialogue,play
ヴィンダー,ああ、つまらない。（欠伸あくびをする）何と云う沈滞しきった有様だ。又この間のように面白いことでも起って呉れないかな。目が醒めるぜ。,m,Miyamoto Yuriko,f,対話,Dialogue,play
ミーダ,人間のアーリアン族を大喧嘩させたことか？,f,Miyamoto Yuriko,f,対話,Dialogue,play
ヴィンダー,うむ。思っても溜飲が下る。目覚ましかったじゃあないか。俺達の仕事で彼処まで大仕掛けに成功したのは一寸ないね。そりゃあ、人間が今でも云い伝えているそうだが、あの若者のカインに、始めてアベルを殺させたのも手柄の一つには違いないが、規模の壮大さで比較にならぬ。,m,Miyamoto Yuriko,f,対話,Dialogue,play
ミーダ,然し手間はかかったな。俺の一心を凝らした点から云えば、カインの仕事をやり遂げて以来、ずっと、あの大騒動の下拵えにかかり切っていたようなものだ。奴等の小屋が幸地続きだったから、幾分都合はよかったものの、蒔いた呪咀の種と、狂暴の酵母の多さ！ 俺もよく破産しなかったものだ。,f,Miyamoto Yuriko,f,対話,Dialogue,play
ヴィンダー,滅多なことには驚かない俺も、あの時許りは目を瞠った。人間共に未来を見せず、奴等の悦ぶ思弁にこじつけてさも世界を救う大思想のように思わせ思わせ野心と所有の慾望を徐そろ徐そろ植える手際には、俺も参った。生れては死に、死んでは生れる人間共が、太古の森も見えない程建て連ねて行く城や寺院、繁華な都市が、皆、俺のおもちゃに植えて行くと思うと、身震いがしたッけ。,m,Miyamoto Yuriko,f,対話,Dialogue,play
ミーダ,俺がこれまでに作った悪徳の環もあれが頂上だったかな。,f,Miyamoto Yuriko,f,対話,Dialogue,play
ヴィンダー,――兎に角仕事があれば存在も認められる。あの最中、俺達が他の神々を畏れさせた威勢はどうだ。善神どもは、意地が強いから、道ですれ違っても避けはしなかったが、二人で愉快に闊歩するのに出喰わすと、さっと、高慢な頬を蒼ざめさせたじゃあないか。,m,Miyamoto Yuriko,f,対話,Dialogue,play
ミーダ,それも昔の物語、では始まらない。――斯う宇宙一体が溌溂としないのは、俺が思うに、天帝の故だ。どうも老耄しかけて居る。――そうは思わないか。眠けざましに、イシオピア人の真似でもして天の一揆を工たくもうか。,f,Miyamoto Yuriko,f,対話,Dialogue,play
ヴィンダー,あの時結局勝ったのが誰だか忘れるな、矢張レーだ。,m,Miyamoto Yuriko,f,対話,Dialogue,play
ミーダ,俺達にでも堪えるべき運命があると云うのか？――ああ、ああ、退屈は明敏な俺の呪咀まで腐らせそうだ！,f,Miyamoto Yuriko,f,対話,Dialogue,play
ヴィンダー,俺の大三叉さすまたが、恐ろしい鉄の轟きで天を震わせなくなってから、よい程時が経ったわ！,m,Miyamoto Yuriko,f,対話,Dialogue,play
ミーダ,何だ？ 皆の足音でもするか？,f,Miyamoto Yuriko,f,対話,Dialogue,play
ヴィンダー,（熱心に）違う！ 遽あわただしい、わくわくした、嵐のような歓びのそよぎだ――ほら！ 来るぞ。来るぞ。,m,Miyamoto Yuriko,f,対話,Dialogue,play
ミーダ,（同じく注意し）成程。此方に向って翔んで来る羽搏きの音が風を切って迫るな。――やあ、見ろ、俺達の奴やっこどもだ！,f,Miyamoto Yuriko,f,対話,Dialogue,play
使者一,御注進です！ 吉報を齎したお賞めの言葉を先ず下さい。,m,Miyamoto Yuriko,f,対話,Dialogue,play
使者二,悦び、悦び！ 悦び※(感嘆符二つ、1-8-75)（バサバサ羽搏き。）,m,Miyamoto Yuriko,f,対話,Dialogue,play
ヴィンダー,（一緒に）云え！ 何事だ？,m,Miyamoto Yuriko,f,対話,Dialogue,play
使者一,（小声で早口に）大地の神が眼を覚まそうとしています。,m,Miyamoto Yuriko,f,対話,Dialogue,play
使者二,私共は素早く、馬鹿正直の翻車魚まんぼうを捕えました。彼奴あいつは、見ないことを云えない代り、知っていることを隠す術を知りません。尋ねて見たら、徴の通りを云いました。大地の神が百年の眠りからさめて身じろぎをしようとしているのです。,m,Miyamoto Yuriko,f,対話,Dialogue,play
ミーダ,本当か？,f,Miyamoto Yuriko,f,対話,Dialogue,play
使者二,嘘は注進になりません。,m,Miyamoto Yuriko,f,対話,Dialogue,play
ヴィンダー,間違いじゃあ無かろうな。,m,Miyamoto Yuriko,f,対話,Dialogue,play
使者一,私の眼や耳は、まだ役に立つ積りです。,m,Miyamoto Yuriko,f,対話,Dialogue,play
ヴィンダー,よい。行け！ 褒美は仕事がすんでからだ。――（ミーダに向い）どうだな？,m,Miyamoto Yuriko,f,対話,Dialogue,play
ミーダ,ふむ。――騒ぐほどのことではないが万更でもない。久しぶりに俺の鞭も命を感じて鎌首を擡げるようだ。どれ、どれ。（にじり出した、宮の端から下界を瞰下みおろす）一寸下を覗かせろ。愚鈍な人間共が、何も知らずに泰平がっている有様を、もう一息の寿命だ。見納めに見てやろう。,f,Miyamoto Yuriko,f,対話,Dialogue,play
ヴィンダー,俺の大三叉も、そろりそろりと鳴り始めたぞ。この掌に伝わる頼もしい震動はどうだ。（下を瞰下し）ふむ。感じの鋭い空気奴、もう南風神に告げたと見える、雲が乱れる。熱気が立ち昇る。,m,Miyamoto Yuriko,f,対話,Dialogue,play
ミーダ,（下を覗きつつ、段々亢奮し奇怪な様子で手に握った鞭を振り始める）ほうれ！（間）よしよし。この動物の血で塗りかためた、貴様等同族の髪毛の鞭が一ふり毎に億の呪いをふり出すか、兆の狂暴を吐出すか後で判ろう。呪いの鬼子、気違い力の私生児、入れ！ 入れ！（ヴィンダーブラの袖を引張り）見てくれ、俺も老いまい？ 粉のように飛んで、光のように、人間共にからみつく、あの――,f,Miyamoto Yuriko,f,対話,Dialogue,play
ヴィンダー,仕事は分担だ。騒ぐな。,m,Miyamoto Yuriko,f,対話,Dialogue,play
カラ,ああ、貴方がた。――その様子では、私の虫の知らせが当ったかしら。,f,Miyamoto Yuriko,f,対話,Dialogue,play
ミーダ,愉快なことが起ろうとしている。大地の神が動き出すのだ、人間共の生意気な組立細工の滅びる時が目の前に来た。,f,Miyamoto Yuriko,f,対話,Dialogue,play
カラ,何と云う嬉しさ！――薄穢ない獏奴の食いさしを拾って来たのじゃあなかろうね。私は、もう飢えと渇きで死にそうになっていました。,f,Miyamoto Yuriko,f,対話,Dialogue,play
ヴィンダー,誰が知らせた？,m,Miyamoto Yuriko,f,対話,Dialogue,play
カラ,誰も。（狡く）ただね、私が宮を出ようとすると、天の伝令が一人、影のようにすうっと饗宴の物かげに入りました。間もなく、又その影の影のように、慈悲の女神が、宮を出て消えました。ね？ あの女神が左からゆけば、きっと右手に私の場所がある。,f,Miyamoto Yuriko,f,対話,Dialogue,play
ミーダ,さすがだ。――然し、此処で展望はきかなくなって来たぞ。,f,Miyamoto Yuriko,f,対話,Dialogue,play
ヴィンダー,ふむ。湧くな。雲奴もただ事でない宇宙のざわめきに落付かれぬか。,m,Miyamoto Yuriko,f,対話,Dialogue,play
カラ,さあ、段々私共の足許も隠されて来ました。,f,Miyamoto Yuriko,f,対話,Dialogue,play
ミーダ,出かけようぜ。,f,Miyamoto Yuriko,f,対話,Dialogue,play
ヴィンダー,出かけよう。,m,Miyamoto Yuriko,f,対話,Dialogue,play
カラ,今日おくれたりしては、一期の不覚です。（傍白）この吉日をとり逃したら又何時ふんだんな人間の涙と呻きが私の喉に流れ込むかしれたものではない。（皆去る）,f,Miyamoto Yuriko,f,対話,Dialogue,play
ヴィンダー,さあ、時は愈迫って来たぞ。,m,Miyamoto Yuriko,f,対話,Dialogue,play
ミーダ,用意はよい。,f,Miyamoto Yuriko,f,対話,Dialogue,play
カラ,気を揃えてかかりましょう。――あ！ 揺れ始めたようですよ。うむ、確かに揺れ出した。大地の神のお目醒めだ。御覧！ 空を飛ぶ鳥がいきなり大気の波動にまかれて、後から後から落ち始めた。,f,Miyamoto Yuriko,f,対話,Dialogue,play
ヴィンダー,や。忽ちあの五十層の建物が、木葉微塵にとび散ったぞ。優雅な塔が歪む。……ほら倒れる。千、万のぼろ家は、ぐっしゃり一潰れだ。堂宇も宮も、さっさと砕けろ！,m,Miyamoto Yuriko,f,対話,Dialogue,play
ミーダ,夢中になって転がり出した者共が、又そろそろ棟のずった家へ家へと這込むな。慾に駆られろ！ 命のたきつけをうんと背負いこめ！――面白い！ 互の荷物がかち合って、動きのとれない様はどうだ。そら擲なぐれ、他人なんぞは押しのけろ！,f,Miyamoto Yuriko,f,対話,Dialogue,play
カラ,ああたのもしい声だこと。もっと喚け！ もっと泣き立てろ。私は男の声は大嫌いだ。まして、思慮分別がありそうだったり、沈勇と云う魔に憑かれた奴のは、地獄の風よ、吹き攫え。私は、弱い女が死に者狂いで泣き叫ぶ声や、いとけない子供が死にかかって母親をさがす、そう云う声が好物だ。,f,Miyamoto Yuriko,f,対話,Dialogue,play
ヴィンダー,愈事は順調に運ぶ。彼方此方の隅々から赤い焔がふき出したぞ。ほら、壊れた、脆い、木造りの梁に火の粉がとびつく。ぱっと拡がる。,m,Miyamoto Yuriko,f,対話,Dialogue,play
ミーダ,俺の呪いで植えつけられた慾の皮も火の熱気には叶わないか。算を乱して駆け出したぞ。,f,Miyamoto Yuriko,f,対話,Dialogue,play
ヴィンダー,活溌な火気奴！ 活動をつづけろ。何より俺の頼もしい配下だ。飛べ、飛べ！ ぐんと飛んで焼き払え。祖先の時柄にも似合わず、プラミシュースに盗ませた火と云うものの真の威力を知らせて呉れよう。水になんぞは怯じけるな！,m,Miyamoto Yuriko,f,対話,Dialogue,play
カラ,ああ、私の冷かな鉛の乳房も激しい期待でときめくようだ。この身にしみる叫喚の快い響、何処となく五官を爽かにする死霊の前ぶれ。――おや、あの木立もない広っぱに、大分かたまって蠢いていますね。,f,Miyamoto Yuriko,f,対話,Dialogue,play
ミーダ,目に止まらずに恐ろしいのは俺の力だ。見ろ、慌てふためいた人間どもを、火が移ったら其ぎりの小舟や橋に集めて見せるぞ。落付いて身の振方はつけさせず、類で誘いざない、数で誘って、危地へすらりとかたまらせる。――舷に手をかけ、救けを求める奴なぞは叩き沈めろ！ 孕み女が転んだとて、容赦なんぞはいるもんか。,f,Miyamoto Yuriko,f,対話,Dialogue,play
ヴィンダー,――ところで、妙な軍装の奴が現れたぞ。今のところでは俺の味方に廻って、壊しやの手先になって呉れる奴か、或は又逆に鉾を向けて、所謂文明の擁護をする奴か、一寸見分けがつかぬ。,m,Miyamoto Yuriko,f,対話,Dialogue,play
ミーダ,ふうむ。武器を持っている。血相もどうやら変っている。何を彼那あんなに狙っているのか。……やったな。驚いた。俺さえ予定には入れていなかった此は一幕だ。――ついでに、一寸手を貸すかな。真実は根もない憎みや恐怖や、最大の名薬「夢中」を撒くと、同類の胸も平気で刺すから愉快なものだ。,f,Miyamoto Yuriko,f,対話,Dialogue,play
ヴィンダー,さてもう一息だ。俺の力の偉大さは、小さなものには著わされぬ。あの壮麗らしく人工の結晶を積みあげた街をつぶして呉れよう。斯う三叉でくじって、先ず屋体に罅ひびを入らせる。一ふき※(「韋＋備のつくり」、第3水準1-93-84)ふいごで火をかける。――どうだ。美事な、自然らしい悪意には、我ながら感服の外はない。,m,Miyamoto Yuriko,f,対話,Dialogue,play
ミーダ,愉しめ！ 愉しめ！ 押しこめに会っていた本能の野獣ども。今日は火の中のワルプルギスだ。如何に醜悪な罪証も寛大な焔が押し包んで焼き消して呉れる。（とまあ唆かすのだ。）心に遺る罪証の陰気な溜息を恐れない為には、雄々しい仲間をどんと殖して並ばせる。――だが、地の神が衣の裾を一ゆすりする偶然から、俺のこぼした種一粒が、斯那塩梅に芽をふき出そうとは思わなかった。,f,Miyamoto Yuriko,f,対話,Dialogue,play
カラ,ああ、あの火花の下をかいくぐり、嬰児の命を庇おうとして、到頭ばったり倒れた母親。――破壊神、呪いの神にお礼を云って戴きます。アーリアン人の喧嘩の時も、餌物は随分ありはしたが、どれもこれも味のない程苦しかった。敵が憎いと云う一念で、胆汁が霊にまで滲みこんでいたと見える。ところが今日の美味さ！ 本当の別製だ。どうか自分の同胞たちを救けたいとか、親や妻子、良人ばかりは生かせたいとか、奇妙な願いに充ちているので、さながら甘露の味いがする。,f,Miyamoto Yuriko,f,対話,Dialogue,play
ヴィンダー,こせついていた都会も、これで少しはからりと焼原になったな。脆いものだ。俺が愉快なのは、建物がひしゃげて灰になったばかりではない。人間共が、得意な意気込みで、これ見よがしに築き上げた文明の精神まで、一緒に焼き払ってくれたことだ。,m,Miyamoto Yuriko,f,対話,Dialogue,play
ミーダ,体も心も赤裸か、楽園を追われたアダムとイブと云いたいが、俺と云う憑きものがあるだけ、あの当時より複雑だ。,f,Miyamoto Yuriko,f,対話,Dialogue,play
カラ,ああ私も、久しぶりで堪能した。ちょいちょい小出しに楽しもうと蓄めさせた涙の壺、霊の櫃だけでも彼那になった。,f,Miyamoto Yuriko,f,対話,Dialogue,play
ヴィンダー,そろそろ俺達は引とるかな。細々した残りの仕事は、自身手を下す迄もない。,m,Miyamoto Yuriko,f,対話,Dialogue,play
カラ,すっかり満足して上気のぼせた私の顔のように赤い、澱んだ太陽が、それでも義務は守って、三遍火の上をかき抜けました。,f,Miyamoto Yuriko,f,対話,Dialogue,play
ミーダ,――引き上げよう。――が。その前に一つすることがある。利己、貪慾、無節制の一袋を、此処ら辺からばら撒くのだ。,f,Miyamoto Yuriko,f,対話,Dialogue,play
ヴィンダー,俺は、当分何も手につかない戦々兢々、なかなか効果は偉大な、絶望、その従弟のもっと可愛い自暴自棄を置土産にする。,m,Miyamoto Yuriko,f,対話,Dialogue,play
カラ,それなら私は――執念深い思い出。忘れようとして忘られず、思い起して死んだ者、先さきだった物の為に流す涙、溜息は、男のでもかなり好もしいものです。,f,Miyamoto Yuriko,f,対話,Dialogue,play
ヴィンダー,（横わって）少し運動したので爽快だ。このいい心持で一寝いりするかな。,m,Miyamoto Yuriko,f,対話,Dialogue,play
カラ,私も何だか若返ったような気持です。行って、昼月の鏡で、髪の縺れ工合でもなおそうかしら。,f,Miyamoto Yuriko,f,対話,Dialogue,play
ミーダ,思いがけない機会で、隠密な日頃からの俺の唆かしの結果が見られて嬉しかった。人間共も、まだ当分は材料になるな。,f,Miyamoto Yuriko,f,対話,Dialogue,play
ヴィンダー,偶然を徒らな偶然で終らせないのが俺達の腕だ。大方今頃は、途方にくれた鈍い面を、深刻らしく歪めて、焼後の灰でもほじくっているだろう。あーあ（欠伸）,m,Miyamoto Yuriko,f,対話,Dialogue,play
カラ,では暫く左様なら。又よい知らせがあったら仲間に入れるのを忘れないで下さい。（去る。）,f,Miyamoto Yuriko,f,対話,Dialogue,play
ミーダ,――虫の好いことを云う。――どれ。（ごろりとなってヴィンダーブラを見る。）何だ。もう寝たのか、単純だな。（そう云いながら、自分も突伏し、ヴィンダーブラと交り交り鼾の音を高く立てる。）,f,Miyamoto Yuriko,f,対話,Dialogue,play
イオイナ,実は、心配して様子をそっと見に来たのです。（二神の様子を見）まあ、さも自分の仕事は成就したと云いたそうに眠入っていること。先刻の有様では、如何なることかと案じたが、この神々に、満足の感情と、倦怠と、眠りのあるのは有難いことです。暴れる時は、天地の軸が歪みそうで、天帝の眉さえ顰ひそむ程だが、必ずあとに、休止と云うものが従っている。,f,Miyamoto Yuriko,f,対話,Dialogue,play
使者,およろこび下さい。女神様。そろそろ貴女のお力の効験しるしが現れて来ました。災厄が余り突然やって来たので、人間の微妙な精神の歯車も大分痛められました。あれほど感情の鋭い者達が、本当に涙もこぼさず、獣のように狂い喚いていた有様は思い出しても恐ろしいが。――（一粒のキラキラ金剛石のように輝く露を示す。）御覧下さいこれは、始めて人間がしんからこぼした嬉し涙の一雫です。互に求め合い、思い合っていた血縁、愛人達、誼よしみの深い友達共が、はっと息災な眼を見合わせた刹那、思わずおとした一滴です。,m,Miyamoto Yuriko,f,対話,Dialogue,play
イオイナ,まあ美しいこと。曇もない。かえしておやり、返しておやり。これは勤勉の根に注ぐ比類のない滋液です。,f,Miyamoto Yuriko,f,対話,Dialogue,play
使者,それから、申すも楽しいのは、今朝一人の幼児が、母の懐に抱かれながら太陽を仰見て、からからと笑いました。傍にいた男女や年寄も、同じ方を見上げてほほえみました。,m,Miyamoto Yuriko,f,対話,Dialogue,play
イオイナ,おお、嬉しいことの二つ。――私の胸がすがすがしく、白衣の囲りにかがよう陽炎かげろうのような光が一層晴やかなのも訳のないことではなかった。それから？ 私は、人間の長い、真面目な、忍耐強い生活の話になると、此処に眠っている神々に負けない貪慾なききたがりやになるのです。,f,Miyamoto Yuriko,f,対話,Dialogue,play
使者,男でも女でも、安閑としているものはありません。列を作って、地道な蟻のように、廃墟の地ならしにとりかかりました。それに（声を低め）この神々が、人間の精神まで殺し終おせたように云われたのはまるで事実とは違う間違いですね。学舎の壁は火で煤け、天井はやっと夜露を凌ぐばかりだが学者達は半片の紙、半こわれの検微鏡を奇蹟のように働かせて、真理へ一歩迫ろうとしています。,m,Miyamoto Yuriko,f,対話,Dialogue,play
イオイナ,そうだろう。――そうなければなりません。そして、私の忠実な僕しもべの芸術家達は、巫女のような洞察で天と人類とのゆきさつを感じ、様々な形で生存の真髄を書きとめ刻みつけ彩って行くのです。……さあ、それでは出かけて、もう一まわり、独特な鼓舞で励ましておやり。仕事は辛い。なかなか容易には捗取らない。そこへ、お前が、耀ひかりの翼で触ってやると、人間は、五月の樫が朝露に会ったように、活々と若く、甦るのです。,f,Miyamoto Yuriko,f,対話,Dialogue,play
イオイナ,――神々は、私が余り人間の味方をすると云って憤られる。……けれども、あの、蝎さそりの毒でも死ぬように果敢ない肉体を持ちながら、精神ばかりは高貴な、不壊な者たちをどうして痛おしまずに居られよう。私には母の本能がある。自分の最初の形代人間が、渾沌から渾沌に亙る雄大な認識と、音楽のように豊かな複雑な感情を持ちながら、神が絶対を示そうとする運命に圧せられきる有様を、平然と見ては居られないのです。ああ此処でも、遙かな雲に遮られてはいるが、彼等の精神と意力のそよぎが感じられるようだ。ああ人間たち！ 本当に、諸神が昔パンドーラに種々の贈物をされた時、私が何心なく希望を匣はこの下積みに投げ入れたのはよいことであった。行って東風に頼んで来よう。少しはっきり下界の音を運びすぎる。――おやすみなさい、神々。（諧謔的に）今貴方がたの睡って被居るのは、私が醒てるより人間達のよろこびでしょう。（去る）ヴィンダーブラ、この時、悪夢に襲われたように低い呻き声を発して目を半ば醒す。そして、暫く不安げに四辺を見廻し、やがて寝ころんでいるミーダの方にのろのろ這いよって行く。,f,Miyamoto Yuriko,f,対話,Dialogue,play
文造,坊つちやん、話ツてどんな事ですか。今直ぐでなけりやいけないんでせうか。,m,Tanizaki Jyunichiro,m,真夏の夜の恋,A Midsummer Night's Love,play
滋,あゝ、今直ぐ話したいことがあるんだよ。少し大事な話なんだ。,m,Tanizaki Jyunichiro,m,真夏の夜の恋,A Midsummer Night's Love,play
文造,いやだなあ、そんな真面目な顔をなすつて、何だか気になるぢやありませんか。,m,Tanizaki Jyunichiro,m,真夏の夜の恋,A Midsummer Night's Love,play
滋,だつて全く真面目なんだもの。,m,Tanizaki Jyunichiro,m,真夏の夜の恋,A Midsummer Night's Love,play
文造,さう云はれると僕の方でも是非聞きたくなりますけれど、でももう五時過ぎですからね、そろ／＼夜学へ行かなけりやなりません。,m,Tanizaki Jyunichiro,m,真夏の夜の恋,A Midsummer Night's Love,play
滋,夜学？ 夜学なんぞ少しぐらゐおくれたつていゝだらう。,m,Tanizaki Jyunichiro,m,真夏の夜の恋,A Midsummer Night's Love,play
文造,（むつとしたやうに）いゝえ駄目です。どうしても六時までに行かなけりや駄目です。あなたは学校がお休みだからいゝでせうけれど、僕はさうは行きません。,m,Tanizaki Jyunichiro,m,真夏の夜の恋,A Midsummer Night's Love,play
滋,おい、おい、そんなに怒らなくつてもいゝよ。お前は怒りツぽいから嫌さ。,m,Tanizaki Jyunichiro,m,真夏の夜の恋,A Midsummer Night's Love,play
文造,怒りやしませんが、僕は此の頃夜学の時間がある為めに生きて居られるやうなものなんです。それをあなたは知つて居らつしやる癖に、夜学なんぞどうでもいゝツて仰つしやるから、あんまり残酷だと思つたんです。,m,Tanizaki Jyunichiro,m,真夏の夜の恋,A Midsummer Night's Love,play
滋,どうでもいゝツて云やあしないよ。まだ六時には間があるから、少しぐらゐ後れたつていゝだらうと思つたんだよ。悪かつたら僕があやまるよ。,m,Tanizaki Jyunichiro,m,真夏の夜の恋,A Midsummer Night's Love,play
文造,あやまつて下さらなくつてもよござんすよ。それにね、今日はいつもと違つて、どうしても後れてはならない訳があるんです。―――ですから一緒に表へ出て、歩きながら話をしませう。その方が却て都合がよくはありませんか。,m,Tanizaki Jyunichiro,m,真夏の夜の恋,A Midsummer Night's Love,play
滋,あゝ、さうしてもいゝ。,m,Tanizaki Jyunichiro,m,真夏の夜の恋,A Midsummer Night's Love,play
文造,それぢやちよいと五分ばかり待つて下さい。大急ぎで御飯をたべて来ますから。,m,Tanizaki Jyunichiro,m,真夏の夜の恋,A Midsummer Night's Love,play
文造,何ですか話と云ふのは？ 早く仰しやつてくれませんか。僕は気になつて仕様がありませんから。,m,Tanizaki Jyunichiro,m,真夏の夜の恋,A Midsummer Night's Love,play
滋,あゝ、………今話すよ。………,m,Tanizaki Jyunichiro,m,真夏の夜の恋,A Midsummer Night's Love,play
文造,坊つちやん、あなたどうなすつたんです。顔色が真青ぢやありませんか。,m,Tanizaki Jyunichiro,m,真夏の夜の恋,A Midsummer Night's Love,play
滋,真青かも知れない。僕は昂奮して居るんだ。体中がガタガタ顫へるやうな気がする。………文造、お前の顔も何だか真青になつて来たぜ。,m,Tanizaki Jyunichiro,m,真夏の夜の恋,A Midsummer Night's Love,play
文造,えゝ、さうでせう、さうかも知れません………構ひませんから早く話を聞かして下さい。,m,Tanizaki Jyunichiro,m,真夏の夜の恋,A Midsummer Night's Love,play
滋,文造、………僕はね、………僕はお前にあやまらなきやならないことがあるんだよ。僕はとうとう決心したんだ。,m,Tanizaki Jyunichiro,m,真夏の夜の恋,A Midsummer Night's Love,play
文造,あゝ、きつと、………きつと僕はさうなんだらうと思ひました。,m,Tanizaki Jyunichiro,m,真夏の夜の恋,A Midsummer Night's Love,play
滋,お前には済まないと思つたけれど、それでも僕はさうしなければならなくなつてしまつたんだ。ねえ、勘忍かにしておくれ。頼むから。………僕は苦しいんだ。,m,Tanizaki Jyunichiro,m,真夏の夜の恋,A Midsummer Night's Love,play
文造,勘忍かんにんしてくれと仰しやつても、そりやあ困ります。あなたは僕が大恩を受けた内の先生のお子さんですから、勘忍するもしないもありませんけれど、あれ程堅く約束なすつたのに非道いぢやありませんか。あなたは僕を可哀さうだと思つて下さらないんですか。,m,Tanizaki Jyunichiro,m,真夏の夜の恋,A Midsummer Night's Love,play
滋,だから詫つて居るんぢやないか。お前も可哀さうだらうが、僕は一層苦しいんだ。僕はもう、夢子と結婚しなければ一日も生きて居られないんだ。,m,Tanizaki Jyunichiro,m,真夏の夜の恋,A Midsummer Night's Love,play
文造,僕だつて夢子の顔を見なければ一日も生きては居られません。あなたの方が一層苦しいなんて何を證拠にそんな事を仰しやるんです。僕の胸の中もあなたと同じやうに苦しうございます。,m,Tanizaki Jyunichiro,m,真夏の夜の恋,A Midsummer Night's Love,play
滋,文造、お前は今、僕のフアザアはお前の大恩人だと云つたね。,m,Tanizaki Jyunichiro,m,真夏の夜の恋,A Midsummer Night's Love,play
文造,えゝ、云ひました。十五の歳に苦学をする積りで田舎を飛び出して来て、路頭に迷つて居たところを救ひ上げて下すつたのは内の先生です。先生に助けて戴かなかつたら、僕は今頃乞食になつて居たかも知れません。,m,Tanizaki Jyunichiro,m,真夏の夜の恋,A Midsummer Night's Love,play
滋,お前は僕のフアザアの恩を、一生忘れないと云つて居たね。,m,Tanizaki Jyunichiro,m,真夏の夜の恋,A Midsummer Night's Love,play
文造,えゝ、僕はいつでもさう思つて居るんです。,m,Tanizaki Jyunichiro,m,真夏の夜の恋,A Midsummer Night's Love,play
滋,そんならその恩人の子が頼むのだと思つて、僕の云ふ事を聞いてはくれないかね。僕の親父はお前に恩返しをして貰はうとは思つて居ないだらう。親父に恩返しをする積りで、たつた一遍僕の頼みを聞いておくれ。さうしてくれゝば、お前が僕の親父の恩を思ふよりも、僕はお前を十倍も二十倍も有難く思ふよ。,m,Tanizaki Jyunichiro,m,真夏の夜の恋,A Midsummer Night's Love,play
文造,坊つちやん、あなたはあなた一人の力で恋を獲ようとなさらないで、お父様とうさんの恩を云ひ出すなんて、そりや卑怯ぢやありませんか。僕はあなたのお父様の御恩を受けては居ますけれど、其れは恋愛とは別問題です。此の問題は何処までもあなたと僕と二人きりの関係です。,m,Tanizaki Jyunichiro,m,真夏の夜の恋,A Midsummer Night's Love,play
滋,さうか。成る程、………そんなら僕は卑怯な事を云ふのは止さう。さうしてお前を恋敵として男らしく競争しよう。お前と此の間約束した事は、今日限り僕の方から破つてしまつたのだから、其の積りで居ておくれ。,m,Tanizaki Jyunichiro,m,真夏の夜の恋,A Midsummer Night's Love,play
文造,あなたが競争なさると仰つしやつても、僕はあなたと競争しようとは思ひません。僕はあなたの恋敵になるやうな資格ある人間ぢやありません。あなたは誰が見たつて立派な大家のお坊つちやんです。夢子にしたつてきつとあなたを愛するでせう。僕見たいな薄穢い田舎書生なんぞ、相手にしてはくれないでせう。僕は始めからあなたに負けるに極まつて居ます。………あゝ、（急激にばら／＼と涙を落して）だから僕は此の間、あれほどあなたにお願ひしたんぢやありませんか。あの約束を反古にするなんて、あなたは僕を殺すやうなもんですよ。,m,Tanizaki Jyunichiro,m,真夏の夜の恋,A Midsummer Night's Love,play
滋,僕はお前を殺しても夢子と結婚したいんだよ。,m,Tanizaki Jyunichiro,m,真夏の夜の恋,A Midsummer Night's Love,play
文造,結婚するツて、お父様とうさんやお母様かあさんは其れをお許しになるでせうか。,m,Tanizaki Jyunichiro,m,真夏の夜の恋,A Midsummer Night's Love,play
滋,夢子と結婚させてくれさへすれば、僕は必ず心を入いれ改かへて学校の方を一生懸命に勉強するよ。もう決して不良少年の仲間へなんかは這入らない積りだ。だから親父だつて僕の将来の為めを思つたら、きつと許してくれるに違ひない。許してくれなかつたら僕はます／＼焼けを起して、此の後どんなに堕落するか知れないからね。,m,Tanizaki Jyunichiro,m,真夏の夜の恋,A Midsummer Night's Love,play
文造,それぢやあなたは、もうお父様にお話しなすつたんですか。,m,Tanizaki Jyunichiro,m,真夏の夜の恋,A Midsummer Night's Love,play
滋,親父にはまだ云はないけれど、マアザアにはちよいと話をして見たんだ。………さうしてね、お前に断つて置くが、僕は今夜マアザアを掴まへて是非許してくれるやうにもう一遍頼まうと思つて居るんだ。僕の事なら、マアザアが承知をすれば親父は何とも云はないんだから。,m,Tanizaki Jyunichiro,m,真夏の夜の恋,A Midsummer Night's Love,play
文造,だつてあなた、外の事とは違ひますよ。あなたの結婚と云ふ大問題を、奥様のお考へ一つで極める訳には行かないでせう。それも相手が立派な身分の女なら兎に角、浅草の女優なんぞをあなたのお嫁に貰ふなんて、お父様がお許しになる筈はないと思ひます。,m,Tanizaki Jyunichiro,m,真夏の夜の恋,A Midsummer Night's Love,play
滋,ふん、お前はさうなる事を祈つて居るんだね。,m,Tanizaki Jyunichiro,m,真夏の夜の恋,A Midsummer Night's Love,play
文造,えゝ、そりやあさうです。僕はあなたの結婚が不成功に終る事を祈らずには居られません。お父様ばかりかお母様にしても、何ぼあなたに甘いからと云つて、お許しになる筈はありませんもの。,m,Tanizaki Jyunichiro,m,真夏の夜の恋,A Midsummer Night's Love,play
滋,ところがマアザアはさうでもないらしいんだ。口ではむづかしい事を云つて居ながら、結局僕に我を折つて許してくれさうな様子なんだ。今夜最後の談判をすればきつと承知するに極まつて居る。なあに、承知しなければ僕は金を持つて内を飛び出してやるよ。さうすりやあしまひには親父だつてお母ふくろだつて許さずには居られなくなるさ。僕は意地でも結婚して見せるんだ。,m,Tanizaki Jyunichiro,m,真夏の夜の恋,A Midsummer Night's Love,play
文造,（再び真青な顔になる）けれどね、坊つちやん、まあよく考へて下さい。夢子はあなたと結婚した方が、女優で居るよりも幸福でせうか？,m,Tanizaki Jyunichiro,m,真夏の夜の恋,A Midsummer Night's Love,play
滋,僕はきつとあの女を幸福にしてやる。………,m,Tanizaki Jyunichiro,m,真夏の夜の恋,A Midsummer Night's Love,play
文造,そりやあなたはさう思つて居らつしやるでせう。しかしよく考へて下さい。夢子があなたの物になれば、もう東洋館の舞台へは出なくなつてしまふんでせう。それでもあなたは恋の楽しみを味はふ事が出来るでせうけれど、同時に夢子の藝術は滅びてしまふんですぜ。あなたは其れを惜しいとはお思ひにならないでせうか。夢子の美しい器量さへ御自分の物になさる事が出来れば、夢子の藝術はどうなつてもいゝと思つて居らつしやるんでせうか。ほんたうに夢子の為めをお思ひになるなら、どうか彼あの女おんなの藝術を育てるやうにしてやつて下さい。あの少女の持つて居る素晴らしい天才を傷つけないやうにしてやつて下さい。それが夢子のほんたうの幸福なのですよ。恋愛よりも藝術の為めに命を捧げるのが、夢子のほんたうの生きる道なんですよ。,m,Tanizaki Jyunichiro,m,真夏の夜の恋,A Midsummer Night's Love,play
滋,それも僕にはよく分つて居る。分つて居るから僕は夢子と結婚しようと思ふんだよ。夢子を立派な藝術家にする為めにも、結婚しなければならないと思つて居るんだよ。………ねえ文造、お前こそよく考へて御覧。お前は夢子をいつまでも東洋館の舞台に立たせて置きたいと云ふけれど、夢子は浅草の女優なんぞにさせて置くのは勿体ないと思はないかい？ あんな所へ出して置けば、どんな天才だつてえらくなれる筈はないんだぜ。夢子ぐらゐな器量があれば、しまひにはきつと堕落をしてしまふんだぜ。それだから僕は夢子の夫になつて彼あの女おんなの藝術を保護してやる。………僕は結婚したら、夢子を連れて亜米利加アメリカへ行かうと思つて居るんだ。,m,Tanizaki Jyunichiro,m,真夏の夜の恋,A Midsummer Night's Love,play
文造,（失望と悲痛との打ち交つた調子で）亜米利加へいらつしやるんですつて？,m,Tanizaki Jyunichiro,m,真夏の夜の恋,A Midsummer Night's Love,play
滋,あゝ、親父に頼んで亜米利加へ行かして貰ふんだ。さうして僕は結婚と同時に新しい生活に這入るんだ。僕は彼方あっちの大学で文学を勉強する。夢子は音楽学校へ入れて本式に歌の稽古をさせる。さうして世界的のオペラ俳優に仕立てゝやるんだ。僕は十八だし夢子は十七だと云ふから、修養を積めば二人ともまだいくらだつてえらくなれるんだ。………ねえ、若しさうなつたら夢子にしてもどんなに幸福だか知れないだらう。お前には今日まで隠して居たけれど、僕は此の間さう云つて手紙を書いてやつたんだよ。―――「僕の妻にさへなつてくれゝば、いつでも亜米利加へ連れて行つて上げます。若しもあなたが自分の藝術を愛するなら、どうか僕の頼みを聞き届けて下さい。」ツて。,m,Tanizaki Jyunichiro,m,真夏の夜の恋,A Midsummer Night's Love,play
文造,そりやあなたほんたうですか？ ほんたうに手紙をおやりになつたんですか？,m,Tanizaki Jyunichiro,m,真夏の夜の恋,A Midsummer Night's Love,play
滋,あゝ。,m,Tanizaki Jyunichiro,m,真夏の夜の恋,A Midsummer Night's Love,play
文造,そんな手紙をお出しになるなら、僕に断つて下さる筈ぢやなかつたでせうか。,m,Tanizaki Jyunichiro,m,真夏の夜の恋,A Midsummer Night's Love,play
滋,僕はお前が承知しなければ夢子と結婚しないと云ふ約束はしたけれど、結婚出来るか出来ないか分らなかつたもんだから今日まで黙つて居たんだよ。若しも夢子から断りの返辞でも来れば、僕はお前にこんな話を聞かせないでも済むだらうと思つて居たんだ。,m,Tanizaki Jyunichiro,m,真夏の夜の恋,A Midsummer Night's Love,play
文造,さうするともう、聞かせないでは済まなくなつて来たんでせうか。,m,Tanizaki Jyunichiro,m,真夏の夜の恋,A Midsummer Night's Love,play
滋,あゝさうなんだ。とうとう今日は済まなくなつてしまつたんだ。お前には気の毒だけれど………,m,Tanizaki Jyunichiro,m,真夏の夜の恋,A Midsummer Night's Love,play
文造,夢子から返辞が来たんですね、あなたと結婚すると云つて来たんですね。,m,Tanizaki Jyunichiro,m,真夏の夜の恋,A Midsummer Night's Love,play
滋,あゝ、まあさう云つて来たんだよ。僕はたつた今其の手紙を受け取つたばかりなんだ。此の通り此処に持つて居るんだ。僕の両親から公然と相談があれば、夢子は結婚しても好ささうな事を書いて来て居る。だからもう内の方さへうまく行けば、此の話は纏まるにきまつて居る。僕は今夜此の手紙を見せて是非ともマアザアを説き伏せてしまはうと思つて居る。,m,Tanizaki Jyunichiro,m,真夏の夜の恋,A Midsummer Night's Love,play
文造,坊つちやん、あなたは卑怯です。あなたは情熱の力で夢子の心を動かさうとなさらないで、金で女を釣らうとなさるんです。,m,Tanizaki Jyunichiro,m,真夏の夜の恋,A Midsummer Night's Love,play
滋,金で女を釣るんだつて？,m,Tanizaki Jyunichiro,m,真夏の夜の恋,A Midsummer Night's Love,play
文造,さうですとも。さうに違ひないぢやありませんか。洋行させてやるから結婚しろなんて、そんな条件を持ち出して正直な女の児を誘惑するのは卑怯ぢやありませんか。,m,Tanizaki Jyunichiro,m,真夏の夜の恋,A Midsummer Night's Love,play
滋,おい、お前は僕を誤解して居るよ。断つて置くが、僕は夢子の事だけは飽く迄真剣なんだからな。成る程僕は不良少年だかも知れない。今までに悪い事もしたらうし女を欺した事もあつたか知れない。だけど今度の事だけは真面目なんだ。真面目でなければお前とこんな話をする必要はないんだからな。,m,Tanizaki Jyunichiro,m,真夏の夜の恋,A Midsummer Night's Love,play
文造,僕は何も、あなたが不真面目だとは云やしません。,m,Tanizaki Jyunichiro,m,真夏の夜の恋,A Midsummer Night's Love,play
滋,だつてお前は今、僕が夢子を欺して居ると云つたぢやないか。,m,Tanizaki Jyunichiro,m,真夏の夜の恋,A Midsummer Night's Love,play
文造,欺して居ると云つたんぢやないんです。誘惑すると云つたんです。洋行させてやるなんて云へば、あなたは誘惑する積りでなくつても、女の方では誘惑されるにきまつて居るぢやありませんか。それでなくてもあなたは山内先生の坊つちやんです。浅草中であなたのお父様の名前を知らない者はありやしません。あなたは財産家の一人息子だと云ふ事を鼻にかけて、………鼻にかけないまでも地位を利用して、それで女の心を動かさうとなさるんです。,m,Tanizaki Jyunichiro,m,真夏の夜の恋,A Midsummer Night's Love,play
滋,それが卑怯だと云ふのかい？,m,Tanizaki Jyunichiro,m,真夏の夜の恋,A Midsummer Night's Love,play
文造,えゝ。卑怯ぢやないと仰つしやるんですか。,m,Tanizaki Jyunichiro,m,真夏の夜の恋,A Midsummer Night's Love,play
滋,僕は卑怯だとは思はないよ。僕はどうしても夢子と結婚しないぢや居られないんだから、その目的を達する為めには、自分の持つて居る有りつたけの物を利用して、夢子の心を動かしてやる。僕の内に金があるなら其の金を利用する。僕が美少年だとすれば自分の顔を利用する。それでもちつとも差支へはないぢやないか。お前は先さっきから僕の事を卑怯だ卑怯だと云ふけれど、僕は此の通り何も彼も隠さずにお前に打ち明けて居るんだぜ。………僕はね、文造、若し卑怯な事をしてもいゝ積りなら、お前にこんな話をしないで黙つて約束を破つてしまふよ。若しも僕がいつもの不良少年で居るなら、こんな頓間とんまな事はしやあしないよ。僕は今度の事に就いて少しでも卑劣な真似をするのは、夢子に対して済まないと思つて居るくらゐなんだ。だからお前に対しても出来るだけ正直にして来たんだ。それともお前は、何か僕に欺された事があるとでも思つて居るのかい？,m,Tanizaki Jyunichiro,m,真夏の夜の恋,A Midsummer Night's Love,play
文造,あなたは僕が承知しなければ、夢子と結婚しないと云ふ約束をなさいました。,m,Tanizaki Jyunichiro,m,真夏の夜の恋,A Midsummer Night's Love,play
滋,あゝ、ほんたうだ。僕はあんな約束をしなければよかつた。僕はあの時は今程夢子を恋ひしては居なかつたんだ。さうしてお前が可哀さうだと思つたもんだから、ついあんな約束をしてしまつたんだ。だけど今になつちや、もうどうしてもお前に承知して貰はなけりやならない。,m,Tanizaki Jyunichiro,m,真夏の夜の恋,A Midsummer Night's Love,play
文造,坊ちやん、僕は承知するのは嫌でございます。,m,Tanizaki Jyunichiro,m,真夏の夜の恋,A Midsummer Night's Love,play
滋,僕はあの時約束はしたけれど、若し其れを破らなければならなくなつた場合には、お前に一応断ると云つて置いたからね。,m,Tanizaki Jyunichiro,m,真夏の夜の恋,A Midsummer Night's Love,play
文造,それはあなたが勝手に仰つしやつたんです。僕はそんな事は認めませんよ。,m,Tanizaki Jyunichiro,m,真夏の夜の恋,A Midsummer Night's Love,play
女童,ここはどこの細道じゃ、細道じゃ、,f,Izumi Kyoka,m,天守物語,The Tale of the Castle Tower,play
女童,少し通して下さんせ、下さんせ。,f,Izumi Kyoka,m,天守物語,The Tale of the Castle Tower,play
女童,天神様へ願掛けに、願掛けに。,f,Izumi Kyoka,m,天守物語,The Tale of the Castle Tower,play
薄,鬼灯ほおずきさん、蜻蛉とんぼさん。,f,Izumi Kyoka,m,天守物語,The Tale of the Castle Tower,play
女童一,ああい。,f,Izumi Kyoka,m,天守物語,The Tale of the Castle Tower,play
薄,静しずかになさいよ、お掃除が済んだばかりだから。,f,Izumi Kyoka,m,天守物語,The Tale of the Castle Tower,play
女童二,あの、釣を見ましょうね。,f,Izumi Kyoka,m,天守物語,The Tale of the Castle Tower,play
女童三,そうね。,f,Izumi Kyoka,m,天守物語,The Tale of the Castle Tower,play
薄,（四辺あたりを※(「目＋句」、第4水準2-81-91)みまわす）これは、まあ、まことに、いい見晴しでございますね。,f,Izumi Kyoka,m,天守物語,The Tale of the Castle Tower,play
葛,あの、猪苗代いなわしろのお姫様がお遊びにおいででございますから。,f,Izumi Kyoka,m,天守物語,The Tale of the Castle Tower,play
桔梗,お鬱陶うっとしかろうと思いまして。それには、申分のございませんお日和でございますし、遠山はもう、もみじいたしましたから。,f,Izumi Kyoka,m,天守物語,The Tale of the Castle Tower,play
女郎花,矢狭間も、物見も、お目触りな、泥や、鉄の、重くるしい、外囲そとがこいは、ちょっと取払っておきました。,f,Izumi Kyoka,m,天守物語,The Tale of the Castle Tower,play
薄,成程、成程、よくおなまけ遊ばす方たちにしては、感心にお気のつきましたことでございます。,f,Izumi Kyoka,m,天守物語,The Tale of the Castle Tower,play
桔梗,あれ、人ぎきの悪いことを。――いつ私たちがなまけましたえ。,f,Izumi Kyoka,m,天守物語,The Tale of the Castle Tower,play
薄,まあ、そうお言いの口の下で、何をしておいでだろう。二階から目薬とやらではあるまいし、お天守の五重から釣をするものがありますかえ。天の川は芝を流れはいたしません。富姫様が、よそへお出掛け遊ばして、いくら間ひまがあると申したって、串戯じょうだんではありません。,f,Izumi Kyoka,m,天守物語,The Tale of the Castle Tower,play
撫子,いえ、魚を釣るのではございません。,f,Izumi Kyoka,m,天守物語,The Tale of the Castle Tower,play
桔梗,旦那様の御前おまえに、ちょうど活いけるのがございませんから、皆みんなで取って差上げようと存じまして、花を……あの、秋草を釣りますのでございますよ。,f,Izumi Kyoka,m,天守物語,The Tale of the Castle Tower,play
薄,花を、秋草をえ。はて、これは珍しいことを承ります。そして何かい、釣れますかえ。,f,Izumi Kyoka,m,天守物語,The Tale of the Castle Tower,play
桔梗,ええ、釣れますとも、もっとも、新発明でございます。,f,Izumi Kyoka,m,天守物語,The Tale of the Castle Tower,play
薄,高慢なことをお言いでない。――が、つきましては、念のために伺いますが、お用いになります。……餌えさの儀でござんすがね。,f,Izumi Kyoka,m,天守物語,The Tale of the Castle Tower,play
撫子,はい、それは白露でございますわ。,f,Izumi Kyoka,m,天守物語,The Tale of the Castle Tower,play
葛,千草八千草秋草が、それはそれは、今頃は、露を沢山たんと欲しがるのでございますよ。刻限も七つ時、まだ夕露も夜露もないのでございますもの。（隣を視みる）御覧なさいまし、女郎花さんは、もう、あんなにお釣りなさいました。,f,Izumi Kyoka,m,天守物語,The Tale of the Castle Tower,play
薄,ああ、ほんにねえ。まったく草花が釣れるとなれば、さて、これは静しずかにして拝見をいたしましょう。釣をするのに饒舌しゃべっては悪いと云うから。……一番いっちだまっておとなしい女郎花さんがよく釣った、争われないものじゃないかね。,f,Izumi Kyoka,m,天守物語,The Tale of the Castle Tower,play
女郎花,いいえ、お魚とは違いますから、声を出しても、唄いましても構いません。――ただ、風が騒ぐと下可いけませんわ。……餌の露が、ぱらぱらこぼれてしまいますから。ああ、釣れました。,f,Izumi Kyoka,m,天守物語,The Tale of the Castle Tower,play
薄,お見事。,f,Izumi Kyoka,m,天守物語,The Tale of the Castle Tower,play
桔梗,釣れました。（おなじく糸を巻戻す。）,f,Izumi Kyoka,m,天守物語,The Tale of the Castle Tower,play
萩,あれ、私も……,f,Izumi Kyoka,m,天守物語,The Tale of the Castle Tower,play
葛,それそれ私も――まあ、しおらしい。,f,Izumi Kyoka,m,天守物語,The Tale of the Castle Tower,play
薄,桔梗さん、棹をお貸しな、私も釣ろう、まことに感心、おつだことねえ。,f,Izumi Kyoka,m,天守物語,The Tale of the Castle Tower,play
女郎花,お待ち遊ばせ、大層風が出て参りました、餌が糸にとまりますまい。,f,Izumi Kyoka,m,天守物語,The Tale of the Castle Tower,play
薄,意地の悪い、急に激しい風になったよ。,f,Izumi Kyoka,m,天守物語,The Tale of the Castle Tower,play
萩,ああ、内廓うちぐるわの秋草が、美しい波を打ちます。,f,Izumi Kyoka,m,天守物語,The Tale of the Castle Tower,play
桔梗,そう云ううちに、色もかくれて、薄すすきばかりが真白まっしろに、水のように流れて来ました。,f,Izumi Kyoka,m,天守物語,The Tale of the Castle Tower,play
葛,空は黒雲くろくもが走りますよ。,f,Izumi Kyoka,m,天守物語,The Tale of the Castle Tower,play
薄,先刻さっきから、野も山も、不思議に暗いと思っていた、これは酷ひどい降りになりますね。,f,Izumi Kyoka,m,天守物語,The Tale of the Castle Tower,play
撫子,夫人おくさまは、どこへおいで遊ばしたのでございますえ。早くお帰り遊ばせば可ようございますね。,f,Izumi Kyoka,m,天守物語,The Tale of the Castle Tower,play
薄,平時いつものように、どこへとも何ともおっしゃらないで、ふいとお出ましになったもの。,f,Izumi Kyoka,m,天守物語,The Tale of the Castle Tower,play
萩,お迎いにも参られませんねえ。,f,Izumi Kyoka,m,天守物語,The Tale of the Castle Tower,play
薄,お客様、亀姫様のおいでの時刻を、それでも御含みでいらっしゃるから、ほどなくお帰りでござんしょう。――皆さんが、御心入れの御馳走ごちそう、何、秋草を、早くお供えなさるが可よいね。,f,Izumi Kyoka,m,天守物語,The Tale of the Castle Tower,play
女郎花,それこそ露の散らぬ間まに。――,f,Izumi Kyoka,m,天守物語,The Tale of the Castle Tower,play
薄,（薄暗き中に）御覧、両眼赫燿かくようと、牙も動くように見えること。,f,Izumi Kyoka,m,天守物語,The Tale of the Castle Tower,play
桔梗,花も胡蝶ちょうもお気に入って、お嬉しいんでございましょう。,f,Izumi Kyoka,m,天守物語,The Tale of the Castle Tower,play
女郎花,あれ、夫人おくさまがお帰りでございますよ。,f,Izumi Kyoka,m,天守物語,The Tale of the Castle Tower,play
夫人,（その姿に舞い縋すがる蝶々の三つ二つを、蓑を開いて片袖に受く）出迎えかい、御苦労だね。（蝶に云う。）,f,Izumi Kyoka,m,天守物語,The Tale of the Castle Tower,play
夫人,時々、ふいと気まかせに、野分のわきのような出歩行であるきを、……,f,Izumi Kyoka,m,天守物語,The Tale of the Castle Tower,play
夫人,露も散らさぬお前たち、花の姿に気の毒だね。（下りかかりて壇に弱腰、廊下に裳もすそ。）,f,Izumi Kyoka,m,天守物語,The Tale of the Castle Tower,play
薄,勿体もったいないことを御意遊ばす。――まあ、お前様、あんなものを召しまして。,f,Izumi Kyoka,m,天守物語,The Tale of the Castle Tower,play
夫人,似合ったかい。,f,Izumi Kyoka,m,天守物語,The Tale of the Castle Tower,play
薄,なおその上に、御前様ごぜんさま、お痩やせ遊ばしておがまれます。柳よりもお優しい、すらすらと雨の刈萱かるかやを、お被かけ遊ばしたようにござります。,f,Izumi Kyoka,m,天守物語,The Tale of the Castle Tower,play
夫人,嘘ばっかり。小山田の、案山子かかしに借りて来たのだものを。,f,Izumi Kyoka,m,天守物語,The Tale of the Castle Tower,play
薄,いいえ、それでも貴女あなたがめしますと、玉、白銀しろがね、揺ゆるぎの糸の、鎧よろいのようにもおがまれます。,f,Izumi Kyoka,m,天守物語,The Tale of the Castle Tower,play
夫人,賞ほめられてちっと重くなった。（蓑を脱ぐ）取っておくれ。,f,Izumi Kyoka,m,天守物語,The Tale of the Castle Tower,play
夫人,少し草臥くたびれましたよ。……お亀様はまだお見えではなかったろうね。,f,Izumi Kyoka,m,天守物語,The Tale of the Castle Tower,play
薄,はい、お姫様ひいさまは、やがてお入いりでござりましょう。それにつけましても、お前様おかえりを、お待ち申上げました。――そしてまあ、いずれへお越し遊ばしました。,f,Izumi Kyoka,m,天守物語,The Tale of the Castle Tower,play
夫人,夜叉やしゃヶ池いけまで参ったよ。,f,Izumi Kyoka,m,天守物語,The Tale of the Castle Tower,play
薄,おお、越前国大野郡おおのごおり、人跡絶えました山奥の。,f,Izumi Kyoka,m,天守物語,The Tale of the Castle Tower,play
萩,あの、夜叉ヶ池まで。,f,Izumi Kyoka,m,天守物語,The Tale of the Castle Tower,play
桔梗,お遊びに。,f,Izumi Kyoka,m,天守物語,The Tale of the Castle Tower,play
夫人,まあ、遊びと言えば遊びだけれども、大池のぬしのお雪様に、ちっと……頼みたい事があって。,f,Izumi Kyoka,m,天守物語,The Tale of the Castle Tower,play
薄,私わたくしはじめ、ここに居おります、誰ぞお使いをいたしますもの、御自分おいで遊ばして、何と、雨にお逢あいなさいましてさ。,f,Izumi Kyoka,m,天守物語,The Tale of the Castle Tower,play
夫人,その雨を頼みに行ゆきました。――今日はね、この姫路の城……ここから視みれば長屋だが、……長屋の主人、それ、播磨守はりまのかみが、秋の野山へ鷹狩たかがりに、大勢で出掛けました。皆みんな知っておいでだろう。空は高し、渡鳥、色鳥の鳴く音ねは嬉しいが、田畑と言わず駈廻かけまわって、きゃっきゃっと飛騒ぐ、知行とりども人間の大声は騒がしい。まだ、それも鷹ばかりなら我慢もする。近頃は不作法な、弓矢、鉄砲で荒立つから、うるささもうるさしさ。何よりお前、私のお客、この大空の霧を渡って輿かごでおいでのお亀様にも、途中失礼だと思ったから、雨風と、はたた神で、鷹狩の行列を追崩す。――あの、それを、夜叉ヶ池のお雪様にお頼み申しに参ったのだよ。,f,Izumi Kyoka,m,天守物語,The Tale of the Castle Tower,play
薄,道理こそ時ならぬ、急な雨と存じました。,f,Izumi Kyoka,m,天守物語,The Tale of the Castle Tower,play
夫人,この辺あたりは雨だけかい。それは、ほんの吹降りの余波なごりであろう。鷹狩が遠出をした、姫路野の一里塚のあたりをお見な。暗夜やみよのような黒い雲、眩まばゆいばかりの電光いなびかり、可恐おそろしい雹ひょうも降りました。鷹狩の連中は、曠野あらのの、塚の印しるしの松の根に、澪みおに寄った鮒ふなのように、うようよ集たかって、あぶあぶして、あやい笠が泳ぐやら、陣羽織が流れるやら。大小をさしたものが、ちっとは雨にも濡れたが可いい。慌てる紋は泡沫あぶくのよう。野袴のばかまの裾すそを端折はしょって、灸きゅうのあとを出すのがある。おお、おかしい。（微笑ほほえむ）粟粒あわつぶを一つ二つと算かぞえて拾う雀でも、俄雨にわかあめには容子ようすが可い。五百石、三百石、千石一人で食はむものが、その笑止さと言ってはない。おかしいやら、気の毒やら、ねえ、お前。,f,Izumi Kyoka,m,天守物語,The Tale of the Castle Tower,play
薄,はい。,f,Izumi Kyoka,m,天守物語,The Tale of the Castle Tower,play
夫人,私はね、群鷺むらさぎヶ峰みねの山の端はに、掛稲かけいねを楯たてにして、戻道もどりみちで、そっと立って視ながめていた。そこには昼の月があって、雁金かりがねのように（その水色の袖を圧おさう）その袖に影が映った。影が、結んだ玉ずさのようにも見えた。――夜叉ヶ池のお雪様は、激はげしいなかにお床ゆかしい、野はその黒雲くろくも、尾上おのえは瑠璃るり、皆、あの方のお計らい。それでも鷹狩の足も腰も留めさせずに、大風と大雨で、城まで追返しておくれの約束。鷹狩たちが遠くから、松を離れて、その曠野を、黒雲の走る下に、泥川のように流れてくるに従って、追手おいての風の横吹よこしぶき。私が見ていたあたりへも、一村雨むらさめ颯さっとかかったから、歌も読まずに蓑をかりて、案山子の笠をさして来ました。ああ、そこの蜻蛉とんぼと鬼灯ほおずきたち、小児こどもに持たして後ほどに返しましょう。,f,Izumi Kyoka,m,天守物語,The Tale of the Castle Tower,play
薄,何の、それには及びますまいと存じます。,f,Izumi Kyoka,m,天守物語,The Tale of the Castle Tower,play
夫人,いえいえ、農家のものは大切だから、等閑なおざりにはなりません。,f,Izumi Kyoka,m,天守物語,The Tale of the Castle Tower,play
薄,その儀は畏かしこまりました。お前様、まあ、それよりも、おめしかえを遊ばしまし、おめしものが濡れまして、お気味が悪うござりましょう。,f,Izumi Kyoka,m,天守物語,The Tale of the Castle Tower,play
夫人,おかげで濡れはしなかった。気味の悪い事もないけれど、隔てぬ中の女同士も、お亀様に、このままでは失礼だろう。（立つ）着換えましょうか。,f,Izumi Kyoka,m,天守物語,The Tale of the Castle Tower,play
女郎花,ついでに、お髪ぐしも、夫人様だんなさま,f,Izumi Kyoka,m,天守物語,The Tale of the Castle Tower,play
夫人,ああ、あげてもらおうよ。,f,Izumi Kyoka,m,天守物語,The Tale of the Castle Tower,play
女童,ここはどこの細道じゃ、細道じゃ。,f,Izumi Kyoka,m,天守物語,The Tale of the Castle Tower,play
朱の盤,かちかちかちかち。,f,Izumi Kyoka,m,天守物語,The Tale of the Castle Tower,play
朱の盤,もおう！（獣の吠ほゆる真似して威おどす。）,f,Izumi Kyoka,m,天守物語,The Tale of the Castle Tower,play
女董一,可厭いやな、小父おじさん。,f,Izumi Kyoka,m,天守物語,The Tale of the Castle Tower,play
女童二,可恐こわくはありませんよ。,f,Izumi Kyoka,m,天守物語,The Tale of the Castle Tower,play
朱の盤,だだだだだ。（濁れる笑わらい）いや、さすがは姫路お天守の、富姫御前の禿かむろたち、変化心へんげごころ備わって、奥州第一の赭面あかつらに、びくともせぬは我折がおれ申す。――さて、更あらためて内方うちかたへ、ものも、案内を頼みましょう。,f,Izumi Kyoka,m,天守物語,The Tale of the Castle Tower,play
女童三,屋根から入った小父さんはえ？,f,Izumi Kyoka,m,天守物語,The Tale of the Castle Tower,play
朱の盤,これはまた御挨拶ごあいさつだ。ただ、猪苗代から参ったと、ささ、取次、取次。,f,Izumi Kyoka,m,天守物語,The Tale of the Castle Tower,play
女童一,知らん。,f,Izumi Kyoka,m,天守物語,The Tale of the Castle Tower,play
女童三,べいい。（赤べろする。）,f,Izumi Kyoka,m,天守物語,The Tale of the Castle Tower,play
朱の盤,これは、いかな事――（立直る。大音に）ものも案内。,f,Izumi Kyoka,m,天守物語,The Tale of the Castle Tower,play
薄,どうれ。（壁より出迎う）いずれから。,f,Izumi Kyoka,m,天守物語,The Tale of the Castle Tower,play
朱の盤,これは岩代国会津郡あいづごおり十文字ヶ原青五輪あおごわのあたりに罷在まかりある、奥州変化の先達せんだつ、允殿館いんでんかんのあるじ朱の盤坊でござる。すなわち猪苗代の城、亀姫君の御供をいたし罷出まかりでました。当お天守富姫様へ御取次を願いたい。,f,Izumi Kyoka,m,天守物語,The Tale of the Castle Tower,play
薄,お供御苦労に存じ上げます。あなた、お姫様ひいさまは。,f,Izumi Kyoka,m,天守物語,The Tale of the Castle Tower,play
朱の盤,（真仰向あおむけに承塵てんじょうを仰ぐ）屋の棟に、すでに輿かごをばお控えなさるる。,f,Izumi Kyoka,m,天守物語,The Tale of the Castle Tower,play
薄,夫人うちかたも、お待兼ねでございます。,f,Izumi Kyoka,m,天守物語,The Tale of the Castle Tower,play
薄,早や、御入おんいらせ下さりませ。,f,Izumi Kyoka,m,天守物語,The Tale of the Castle Tower,play
朱の盤,（空へ云う）輿傍かごわきへ申す。此方こなたにもお待まちうけじゃ。――姫君、これへお入いりのよう、舌長姥したながうば、取次がっせえ。,f,Izumi Kyoka,m,天守物語,The Tale of the Castle Tower,play
薄,（そと亀姫を仰ぐ）お姫様ひいさま。,f,Izumi Kyoka,m,天守物語,The Tale of the Castle Tower,play
亀姫,お許し。,f,Izumi Kyoka,m,天守物語,The Tale of the Castle Tower,play
夫人,（親しげに微笑ほほえむ）お亀様。,f,Izumi Kyoka,m,天守物語,The Tale of the Castle Tower,play
亀姫,お姉様あねえさま、おなつかしい。,f,Izumi Kyoka,m,天守物語,The Tale of the Castle Tower,play
夫人,私もお可懐なつかしい。――,f,Izumi Kyoka,m,天守物語,The Tale of the Castle Tower,play
女郎花,夫人おくさま。（と長煙管ながぎせるにて煙草たばこを捧ぐ。）,f,Izumi Kyoka,m,天守物語,The Tale of the Castle Tower,play
夫人,（取って吸う。そのまま吸口を姫に渡す）この頃は、めしあがるそうだね。,f,Izumi Kyoka,m,天守物語,The Tale of the Castle Tower,play
亀姫,ええ、どちらも。（うけて、その煙草を吸いつつ、左の手にて杯の真似をす。）,f,Izumi Kyoka,m,天守物語,The Tale of the Castle Tower,play
夫人,困りましたねえ。（また打笑うちえむ。）,f,Izumi Kyoka,m,天守物語,The Tale of the Castle Tower,play
亀姫,ほほほ、貴女あなたを旦那様にはいたすまいし。,f,Izumi Kyoka,m,天守物語,The Tale of the Castle Tower,play
夫人,憎らしい口だ。よく、それで、猪苗代から、この姫路まで――道中五百里はあろうねえ、……お年寄。,f,Izumi Kyoka,m,天守物語,The Tale of the Castle Tower,play
舌長姥,御意にござります。……海も山もさしわたしに、風でお運び遊ばすゆえに、半日路じには足りませぬが、宿々しゅくじゅくを歩ひろいましたら、五百里……されば五百三十里、もそっともござりましょうぞ。,f,Izumi Kyoka,m,天守物語,The Tale of the Castle Tower,play
夫人,ああね。（亀姫に）よく、それで、手鞠をつきに、わざわざここまでおいでだね。,f,Izumi Kyoka,m,天守物語,The Tale of the Castle Tower,play
亀姫,でございますから、お姉様あねえさまは、私がお可愛かわゆうございましょう。,f,Izumi Kyoka,m,天守物語,The Tale of the Castle Tower,play
夫人,いいえ、お憎らしい。,f,Izumi Kyoka,m,天守物語,The Tale of the Castle Tower,play
亀姫,御勝手。（扇子を落す。）,f,Izumi Kyoka,m,天守物語,The Tale of the Castle Tower,play
夫人,やっぱりお可愛い。（その背を抱いだき、見返して、姫に附添える女童に）どれ、お見せ。（手鞠を取る）まあ、綺麗な、私にも持って来て下されば可よいものを。,f,Izumi Kyoka,m,天守物語,The Tale of the Castle Tower,play
朱の盤,ははッ。（その白布の包を出いだし）姫君より、貴女様へ、お心入れの土産がこれに。申すは、差出がましゅうござるなれど、これは格別、奥方様の思召おぼしめしにかないましょう。…何と、姫君。（色を伺う。）,f,Izumi Kyoka,m,天守物語,The Tale of the Castle Tower,play
亀姫,ああ、お開き。お姉様の許とこだから、遠慮はない。,f,Izumi Kyoka,m,天守物語,The Tale of the Castle Tower,play
夫人,それはそれは、お嬉しい。が、お亀様は人が悪い、中は磐梯山ばんだいさんの峰の煙か、虚空蔵こくうぞうの人魂ひとだまではないかい。,f,Izumi Kyoka,m,天守物語,The Tale of the Castle Tower,play
亀姫,似たもの。ほほほほほ。,f,Izumi Kyoka,m,天守物語,The Tale of the Castle Tower,play
夫人,要りません、そんなもの。,f,Izumi Kyoka,m,天守物語,The Tale of the Castle Tower,play
亀姫,上げません。,f,Izumi Kyoka,m,天守物語,The Tale of the Castle Tower,play
朱の盤,いやまず、（手を挙げて制す）おなかがよくてお争い、お言葉の花が蝶のように飛びまして、お美しい事でござる。……さて、此方こなたより申す儀ではなけれども、奥方様、この品ばかりはお可厭いやではござるまい。,f,Izumi Kyoka,m,天守物語,The Tale of the Castle Tower,play
朱の盤,や、不重宝ぶちょうほう、途中揺溢ゆりこぼいて、これは汁つゆが出ました。（その首、血だらけ）これ、姥うば殿、姥殿。,f,Izumi Kyoka,m,天守物語,The Tale of the Castle Tower,play
舌長姥,あいあい、あいあい。,f,Izumi Kyoka,m,天守物語,The Tale of the Castle Tower,play
朱の盤,御進物が汚れたわ。鱗うろこの落ちた鱸すずきの鰭ひれを真水で洗う、手の悪い魚売人には似たれども、その儀では決してない。姥殿、此方こなた、一拭ひとぬぐい、清めた上で進ぜまいかの。,f,Izumi Kyoka,m,天守物語,The Tale of the Castle Tower,play
夫人,（煙管を手に支つき、面おもて正しく屹きっと視みて）気遣いには及びません、血だらけなは、なおおいしかろう。,f,Izumi Kyoka,m,天守物語,The Tale of the Castle Tower,play
舌長姥,こぼれた羹あつものは、埃溜はきだめの汁でござるわの、お塩梅あんばいには寄りませぬ。汚穢むさや、見た目に、汚穢や。どれどれ掃除して参らしょうぞ。（紅あかの袴はかまにて膝行いざり出で、桶を皺手しわでにひしと圧おさえ、白髪しらがを、ざっと捌さばき、染めたる歯を角けたに開け、三尺ばかりの長き舌にて生首の顔の血をなめる）汚穢や、（ぺろぺろ）汚穢やの。（ぺろぺろ）汚穢やの、汚穢やの、ああ、甘味うまやの、汚穢やの、ああ、汚穢いぞの、やれ、甘味いぞのう。,f,Izumi Kyoka,m,天守物語,The Tale of the Castle Tower,play
朱の盤,（慌あわただしく遮る）やあ、姥ばあさん、歯を当てまい、御馳走が減りはせぬか。,f,Izumi Kyoka,m,天守物語,The Tale of the Castle Tower,play
舌長姥,何のいの。（ぐったりと衣紋えもんを抜く）取る年の可恐おそろしさ、近頃は歯が悪うて、人間の首や、沢庵たくあんの尻尾しっぽはの、かくやにせねば咽喉のどへは通らぬ。そのままの形では、金花糖の鯛でさえ、横噛よこかじりにはならぬ事よ。,f,Izumi Kyoka,m,天守物語,The Tale of the Castle Tower,play
朱の盤,後生らしい事を言うまい、彼岸は過ぎたぞ。――いや、奥方様、この姥が件くだんの舌にて舐なめますると、鳥獣とりけものも人間も、とろとろと消えて骨ばかりになりますわ。……そりゃこそ、申さぬことではなかった。お土産の顔つきが、時の間まに、細長うなりました。なれども、過失あやまちの功名、死んで変りました人相が、かえって、もとの面体めんていに戻りました。……姫君も御覧ぜい。,f,Izumi Kyoka,m,天守物語,The Tale of the Castle Tower,play
亀姫,（扇子を顔に、透かし見る）ああ、ほんになあ。,f,Izumi Kyoka,m,天守物語,The Tale of the Castle Tower,play
薄,お前様――あの、皆さんも御覧なさいまし、亀姫様お持たせのこの首は、もし、この姫路の城の殿様の顔に、よく似ているではござんせぬか。,f,Izumi Kyoka,m,天守物語,The Tale of the Castle Tower,play
桔梗,真ほんに、瓜二つでございますねえ。,f,Izumi Kyoka,m,天守物語,The Tale of the Castle Tower,play
夫人,（打頷うちうなずく）お亀様、このお土産は、これは、たしか……,f,Izumi Kyoka,m,天守物語,The Tale of the Castle Tower,play
亀姫,はい、私が廂ひさしを貸す、猪苗代亀ヶ城しろの主、武田衛門之介えもんのすけの首でございますよ。,f,Izumi Kyoka,m,天守物語,The Tale of the Castle Tower,play
夫人,まあ、貴女あなた。（間）私のために、そんな事を。,f,Izumi Kyoka,m,天守物語,The Tale of the Castle Tower,play
亀姫,構いません、それに、私がいたしたとは、誰も知りはしませんもの。私が城を出ます時はね、まだこの衛門之介はお妾めかけの膝に凭掛よりかかって、酒を飲んでおりました。お大名の癖に意地が汚くってね、鯉汁こいこくを一口に食べますと,f,Izumi Kyoka,m,天守物語,The Tale of the Castle Tower,play
僧都,お腰元衆。,m,Izumi Kyoka,m,海神別荘,Villa Kaijin,play
侍女一,（薄色の洋装したるが扉ドアより出いづ）はい、はい。これは御僧おそう。,f,Izumi Kyoka,m,海神別荘,Villa Kaijin,play
僧都,や、目覚しく、美しい、異かわった扮装いでたちでおいでなさる。,m,Izumi Kyoka,m,海神別荘,Villa Kaijin,play
侍女一,御挨拶ごあいさつでございます。美しいかどうかは存じませんけれど、異った支度には違いないのでございます。若様、かねてのお望みが叶かないまして、今夜お輿入こしいれのございます。若奥様が、島田のお髪ぐし、お振袖と承りましたから、私わたくしどもは、余計そのお姿のお目立ち遊ばすように、皆して、かように申合せましたのでございます。,f,Izumi Kyoka,m,海神別荘,Villa Kaijin,play
僧都,はあ、さてもお似合いなされたが、いずこの浦の風俗じゃろうな。,m,Izumi Kyoka,m,海神別荘,Villa Kaijin,play
侍女一,度々海の上へお出でなさいますもの、よく御存じでおあんなさいましょうのに。,f,Izumi Kyoka,m,海神別荘,Villa Kaijin,play
僧都,いや、荒海を切って影を顕あらわすのは暴風雨あらしの折から。如法にょほうたいてい暗夜やみじゃに因って、見えるのは墓の船に、死骸しがいの蠢うごめく裸体はだかばかり。色ある女性にょしょうの衣きぬなどは睫毛まつげにも掛かかりませぬ。さりとも小僧のみぎりはの、蒼あおい炎の息を吹いても、素奴しゃつ色の白いはないか、袖の紅あかいはないか、と胴の間ま、狭間はざま、帆柱の根、錨綱いかりづなの下までも、あなぐり探いたものなれども、孫子まごこは措おけ、僧都においては、久しく心にも掛けませいで、一向に不案内じゃ。,m,Izumi Kyoka,m,海神別荘,Villa Kaijin,play
侍女一,（笑う）お精進しょうじんでおいで遊ばします。もし、これは、桜貝、蘇芳貝すおうがい、いろいろの貝を蕊しべにして、花の波が白く咲きます、その渚なぎさを、青い山、緑の小松に包まれて、大陸の婦おんなたちが、夏の頃、百合、桔梗ききょう、月見草、夕顔の雪の装よそおいなどして、旭あさひの光、月影に、遥はるかに（高濶こうかつなる碧瑠璃へきるりの天井を、髪艶つややかに打仰ぐ）姿を映します。ああ、風情な。美しいと視ながめましたものでございますから、私わたくしども皆が、今夜はこの服装なりに揃えました。,f,Izumi Kyoka,m,海神別荘,Villa Kaijin,play
僧都,一段とお見事じゃ。が、朝ほど御機嫌伺いに出ました節は、御殿ごてん、お腰元衆、いずれも不断の服装なりでおいでなされた。その節は、今宵、あの美女がこれへ輿入の儀はまだ極きまらなんだ。じたい人間は決断が遅いに因ってな。……それじゃに、かねてのお心掛こころがけか。弥いや疾とく装なりが間に合うたもののう。,m,Izumi Kyoka,m,海神別荘,Villa Kaijin,play
侍女一,まあ、貴老あなたは。私わたくしたちこの玉のような皆みんなの膚はだは、白い尾花の穂を散らした、山々の秋の錦にしきが水に映ると同おんなじに、こうと思えば、ついそれなりに、思うまま、身の装よそおいの出来ます体でおりますものを。貴老はお忘れなさいましたか。,f,Izumi Kyoka,m,海神別荘,Villa Kaijin,play
僧都,ま、ま、分った。（腰を屈かがめつつ、圧おさうるがごとく掌たなそこを挙げて制す）何とも相済まぬ儀じゃ。海の住居すまいの難有ありがたさに馴なれて、蔭日向かげひなた、雲の往来ゆききに、潮うしおの色の変ると同様。如意自在にょいじざい心のまま、たちどころに身の装よそおいの成る事を忘れていました。,m,Izumi Kyoka,m,海神別荘,Villa Kaijin,play
侍女一,畏かしこまりました。唯今ただいま。……あの、ちょうど可いい折に存じます。,f,Izumi Kyoka,m,海神別荘,Villa Kaijin,play
僧都,（謹みたる体ていにて室内を※(「目＋句」、第4水準2-81-91)みまわす。）,m,Izumi Kyoka,m,海神別荘,Villa Kaijin,play
公子,（衝つと押す、闥ドアを排ひらきて、性急に登場す。面おも玉のごとく※(「藹」の「言」に代えて「月」、第3水準1-91-26)ろう丈たけたり。黒髪を背に捌さばく。青地錦の直垂ひたたれ、黄金こがねづくりの剣つるぎを佩はく。上段、一階高き床の端に、端然として立つ。）,m,Izumi Kyoka,m,海神別荘,Villa Kaijin,play
僧都,は。（大床おおゆかに跪ひざまずく。控えたる侍女一、件くだんの錨の杖を預る）これはこれは、御休息の処を恐入りましてござります。,m,Izumi Kyoka,m,海神別荘,Villa Kaijin,play
公子,（親しげに）爺い、用か。,m,Izumi Kyoka,m,海神別荘,Villa Kaijin,play
僧都,紺青こんじょう、群青ぐんじょう、白群びゃくぐん、朱、碧へきの御蔵の中より、この度の儀に就きまして、先方へお遣わしになりました、品々の類たぐいと、数々を、念のために申上げとうござりまして。,m,Izumi Kyoka,m,海神別荘,Villa Kaijin,play
公子,（立ちたるまま）おお、あの女の父親に遣やった、陸で結納ゆいのうとか云うものの事か。,m,Izumi Kyoka,m,海神別荘,Villa Kaijin,play
僧都,はあ、いや、御聡明なる若様。若様にはお覚違おぼえちがいでござります。彼等夥間なかまに結納と申すは、親々が縁を結び、媒妁人なこうどの手をもち、婚約の祝儀、目録を贈りますでござります。しかるにこの度は、先方の父親が、若様の御支配遊ばす、わたつみの財宝に望のぞみを掛け、もしこの念願の届くにおいては、眉目容色みめきりょう、世に類たぐいなき一人の娘を、海底へ捧げ奉る段、しかと誓いました。すなわち、彼が望みの宝をお遣つかわしになりましたに因って、是非に及ばず、誓言せいごんの通り、娘を波に沈めましたのでござります。されば、お送り遊ばされた数の宝は、彼等が結納と申そうより、俗に女の身代みのしろと云うものにござりますので。,m,Izumi Kyoka,m,海神別荘,Villa Kaijin,play
公子,（軽く頷うなずく）可よし、何にしろすこしばかりの事を、別に知らせるには及ばんのに。,m,Izumi Kyoka,m,海神別荘,Villa Kaijin,play
僧都,いやいや、鱗うろこ一枚、一草ひとくさの空貝うつせがいとは申せ、僧都が承りました上は、活達なる若様、かような事はお気煩きむずかしゅうおいでなさりましょうなれども、老おいのしょうがに、お耳に入れねばなりませぬ。お腰元衆もお執成とりなし。（五人の侍女に目遣めづかいす）平ひらにお聞取りを願わしゅう。,m,Izumi Kyoka,m,海神別荘,Villa Kaijin,play
侍女三,若様、お座へ。,f,Izumi Kyoka,m,海神別荘,Villa Kaijin,play
公子,（顧みて）椅子いすをこちらへ。,m,Izumi Kyoka,m,海神別荘,Villa Kaijin,play
僧都,真鯛まだい大小八千枚。鰤ぶり、鮪まぐろ、ともに二万疋びき。鰹かつお、真那鰹まながつお、各おのおの一万本。大比目魚おおひらめ五千枚。鱚きす、魴※(「魚＋弗」、第3水準1-94-37)ほうぼう、鯒こち、※(「魚＋條」、第4水準2-93-74)身魚あいなめ、目張魚めばる、藻魚もうお、合せて七百籠かご。若布わかめのその幅六丈、長さ十五尋ひろのもの、百枚一巻ひとまき九千連。鮟鱇あんこう五十袋。虎河豚とらふぐ一頭。大の鮹たこ一番ひとつがい。さて、別にまた、月の灘なだの桃色の枝珊瑚一株、丈八尺。（この分、手にて仕方す）周囲まわり三抱みかかえの分にござりまして。ええ、月の真珠、花の真珠、雪の真珠、いずれも一寸の珠たま三十三粒りゅう、八分の珠百五粒、紅宝玉三十顆か、大おおきさ鶴の卵、粒を揃えて、これは碧瑪瑙あおめのうの盆に装かざり、緑宝玉、三百顆、孔雀くじゃくの尾の渦巻の数に合せ、紫の瑠璃るりの台、五色に透いて輝きまする鰐わにの皮三十六枚、沙金さきんの包つつみ七十袋たい。量目はかりめ約百万両。閻浮檀金えんぶだごん十斤也。緞子どんす、縮緬ちりめん、綾あや、錦にしき、牡丹ぼたん、芍薬しゃくやく、菊の花、黄金色こんじきの董すみれ、銀覆輪ぎんぷくりんの、月草、露草。,m,Izumi Kyoka,m,海神別荘,Villa Kaijin,play
侍女一,もしもし、唯今ただいまのそれは、あの、残らず、そのお娘御むすめごの身の代しろとかにお遣わしの分なのでございますか。,f,Izumi Kyoka,m,海神別荘,Villa Kaijin,play
僧都,残らず身の代と？……はあ、いかさまな。（心付く）不重宝ぶちょうほう。これはこれは海松みるふさの袖に記して覚えのまま、潮うしおに乗って、颯さっと読流しました。はて、何から申した事やら、品目の多い処へ、数々ゆえに。ええええ、真鯛大小八千枚。,m,Izumi Kyoka,m,海神別荘,Villa Kaijin,play
侍女一,鰤、鮪ともに二万疋。鰹、真那鰹各おのおの一万本。,f,Izumi Kyoka,m,海神別荘,Villa Kaijin,play
侍女二,（僧都の前にあり）大比目魚五千枚。鱚、魴※(「魚＋弗」、第3水準1-94-37)、鯒、あいなめ、目ばる、藻魚の類合せて七百籠。,f,Izumi Kyoka,m,海神別荘,Villa Kaijin,play
侍女三,（公子の背後にあり）若布のその幅六丈、長さ十五尋のもの百枚一巻ひとまき九千連。,f,Izumi Kyoka,m,海神別荘,Villa Kaijin,play
侍女四,（同じく公子の背後に）鮟鱇五十袋、虎河豚一頭、大の鮹一番ひとつがい。まあ……（笑う。侍女皆笑う。）,f,Izumi Kyoka,m,海神別荘,Villa Kaijin,play
僧都,（額の汗を拭ふく）それそれさよう、さよう。,m,Izumi Kyoka,m,海神別荘,Villa Kaijin,play
公子,（微笑しつつ）笑うな、老人は真面目まじめでいる。,m,Izumi Kyoka,m,海神別荘,Villa Kaijin,play
侍女五,（最も少わかし。斉ひとしく公子の背後に附添う。派手に美うるわしき声す）月の灘の桃色の枝珊瑚樹、対ついの一株、丈八尺、周囲まわり三抱みかかえの分。一寸の玉三十三粒……雪の真珠、花の真珠。,f,Izumi Kyoka,m,海神別荘,Villa Kaijin,play
侍女一,月の真珠。,f,Izumi Kyoka,m,海神別荘,Villa Kaijin,play
僧都,しばらく。までじゃまでじゃ、までにござる。……桃色の枝珊瑚樹、丈八尺、周囲三抱の分までにござった。（公子に）鶴の卵ほどの紅宝玉、孔雀の渦巻の緑宝玉、青瑪瑙の盆、紫の瑠璃の台。この分は、天なる（仰いで礼拝す）月宮殿に貢みつぎのものにござりました。,m,Izumi Kyoka,m,海神別荘,Villa Kaijin,play
公子,私もそうらしく思って聞いた。僧都、それから後に言われた、その董、露草などは、金銀宝玉の類は云うまでもない、魚類ほどにも、人間が珍重しないものと聞く。が、同じく、あの方かたへ遣わしたものか。,m,Izumi Kyoka,m,海神別荘,Villa Kaijin,play
僧都,綾、錦、牡丹、芍薬、縺もつれも散りもいたしませぬを、老人の申条もうしじょう、はや、また海松みるのように乱れました。ええええ、その董、露草は、若様、この度の御旅行につき、白雪はくせつの竜馬りゅうめにめされ、渚なぎさを掛けて浦づたい、朝夕の、茜あかね、紫、雲の上を山の峰へお潜しのびにてお出ましの節、珍しくお手に入いりましたを、御姉君おんあねぎみ、乙姫おとひめ様へ御進物の分でござりました。,m,Izumi Kyoka,m,海神別荘,Villa Kaijin,play
侍女一,姫様は、閻浮檀金えんぶだごんの一輪挿いちりんざしに、真珠の露でお活いけ遊ばし、お手許てもとをお離しなさいませぬそうにございます。,f,Izumi Kyoka,m,海神別荘,Villa Kaijin,play
公子,度々は手に入らない。私も大方、姉上に進あげたその事であろうと思った。,m,Izumi Kyoka,m,海神別荘,Villa Kaijin,play
僧都,御意。娘の親へ遣わしましたは、真鯛より数えまして、珊瑚一対……までに止とどまりました。,m,Izumi Kyoka,m,海神別荘,Villa Kaijin,play
侍女二,海では何ほどの事でもございませんが、受取ります陸おかの人には、鯛も比目魚も千と万、少ない数ではございますまいに、僅わずかな日の間に、ようお手廻し、お遣わしになりましてございます。,f,Izumi Kyoka,m,海神別荘,Villa Kaijin,play
僧都,さればその事。一国、一島、津や浦の果はてから果を一網ひとあみにもせい、人間夥間なかまが、大海原おおうなばらから取入れます獲えものというは、貝に溜たまった雫しずくほどにいささかなものでござっての、お腰元衆など思うてもみられまい、鉤はりの尖さきに虫を附けて雑魚ざこ一筋を釣るという仙人業せんにんわざをしまするよ。この度の娘の父は、さまでにもなけれども、小船一つで網を打つが、海月くらげほどにしょぼりと拡げて、泡にも足らぬ小魚を掬しゃくう。入いれものが小さき故に、それが希望のぞみを満しますに、手間の入いること、何ともまだるい。鰯いわしを育てて鯨にするより歯痒はがゆい段の行止ゆきどまり。（公子に向う）若様は御性急じゃ。早く彼が願ねがいを満たいて、誓ちかいの美女を取れ、と御意ある。よって、黒潮、赤潮の御手兵をちとばかり動かしましたわ。赤潮の剣つるぎは、炎の稲妻、黒潮の黒い旗は、黒雲の峰を築ついて、沖から※(「てへん＋堂」、第4水準2-13-41)どうと浴びせたほどに、一浦ひとうらの津波となって、田畑も家も山へ流いた。片隅の美女の家へ、門背戸かどせどかけて、畳天井、一斉いちどきに、屋根の上の丘の腹まで運込みました儀でござったよ。,m,Izumi Kyoka,m,海神別荘,Villa Kaijin,play
侍女三,まあ、お勇ましい。,f,Izumi Kyoka,m,海神別荘,Villa Kaijin,play
公子,（少し俯向うつむく）勇ましいではない。家畑を押流して、浦のもの等は迷惑をしはしないか。,m,Izumi Kyoka,m,海神別荘,Villa Kaijin,play
僧都,いや、いや、黒潮と赤潮が、密そと爪弾つまはじきしましたばかり。人命を断つほどではござりませなんだ。もっとも迷惑をせば、いたせ、娘の親が人間同士の間なかでさえ、自分ばかりは、思い懸けない海の幸を、黄金こがねの山ほど掴つかみましたに因って、他の人々の難渋ごときはいささか気にも留めませぬに、海のお世子よとりであらせられます若様。人間界の迷惑など、お心に掛けさせますには毛頭当りませぬ儀でございます。,m,Izumi Kyoka,m,海神別荘,Villa Kaijin,play
公子,（頷うなずく）そんなら可よし――僧都。,m,Izumi Kyoka,m,海神別荘,Villa Kaijin,play
僧都,はは。（更あらためて手を支つく。）,m,Izumi Kyoka,m,海神別荘,Villa Kaijin,play
公子,あれの親は、こちらから遣わした、娘の身の代しろとかいうものに満足をしたであろうか。,m,Izumi Kyoka,m,海神別荘,Villa Kaijin,play
僧都,御意、満足いたしましたればこそ、当御殿、お求めに従い、美女を沈めました儀にござります。もっとも、真鯛、鰹、真那鰹、その金銀の魚類のみでは、満足をしませなんだが、続いて、三抱え一対の枝珊瑚を、夜の渚に差置きますると、山の端は出づる月の光に、真紫に輝きまするを夢のように抱きました時、あれの父親は白砂に領伏ひれふし、波の裙すそを吸いました。あわれ竜神、一命も捧げ奉ると、御恩のほどを難有ありがたがりましたのでござります。,m,Izumi Kyoka,m,海神別荘,Villa Kaijin,play
公子,（微笑す）親仁おやじの命などは御免だな。そんな魂を引取ると、海月くらげが殖ふえて、迷惑をするよ。,m,Izumi Kyoka,m,海神別荘,Villa Kaijin,play
侍女五,あんな事をおっしゃいます。,f,Izumi Kyoka,m,海神別荘,Villa Kaijin,play
公子,けれども僧都、そんな事で満足した、人間の慾よくは浅いものだね。,m,Izumi Kyoka,m,海神別荘,Villa Kaijin,play
僧都,まだまだ、あれは深い方でござります。一人娘の身に代えて、海の宝を望みましたは、慾念の逞たくましい故でござりまして。……たかだかは人間同士、夥間なかまうちで、白い柔やわらかな膩身あぶらみを、炎の燃立つ絹に包んで蒸しながら売り渡すのが、峠の関所かと心得ます。,m,Izumi Kyoka,m,海神別荘,Villa Kaijin,play
公子,馬鹿だな。（珊瑚の椅子をすッと立つ）恋しい女よ。望めば生命いのちでも遣やろうものを。……はは、はは。,m,Izumi Kyoka,m,海神別荘,Villa Kaijin,play
侍女四,お思われ遊ばした娘御は、天地あめつちかけて、波かけて、お仕合せでおいで遊ばします。,f,Izumi Kyoka,m,海神別荘,Villa Kaijin,play
侍女一,早くお着き遊あそばせば可ようございます。私わたくしどももお待遠まちどおに存じ上げます。,f,Izumi Kyoka,m,海神別荘,Villa Kaijin,play
公子,道中の様子を見よう、旅の様子を見よう。（闥ドアの外に向って呼ぶ）おいおい、居間の鏡を寄越よこせ。（闥開く。侍女六、七、二人、赤地の錦の蔽おおいを掛けたる大なる姿見を捧げ出づ。）,m,Izumi Kyoka,m,海神別荘,Villa Kaijin,play
僧都,失礼ながら。（膝行しっこうして進む。侍女等、姿見を卓子テエプルの上に据え、錦の蔽を展ひらく。侍女等、卓子の端の一方に集る。）,m,Izumi Kyoka,m,海神別荘,Villa Kaijin,play
公子,（姿見の面おもを指ゆびさし、僧都を見返る）あれだ、あれだ。あの一点の光がそれだ。お前たちも見ないか。,m,Izumi Kyoka,m,海神別荘,Villa Kaijin,play
女房,貴女あなた、お草臥くたびれでございましょう。一息、お休息やすみなさいますか。,f,Izumi Kyoka,m,海神別荘,Villa Kaijin,play
美女,（夢見るようにその瞳を※(「目＋爭」、第3水準1-88-85)みひらく）ああ、（歎息す）もし、誰方どなたですか。……私の身体からだは足を空に、（馬の背に裳もすそを掻緊かいしむ）倒さかさまに落ちて落ちて、波に沈んでいるのでしょうか。,f,Izumi Kyoka,m,海神別荘,Villa Kaijin,play
女房,いいえ、お美しいお髪ぐし一筋、風にも波にもお縺もつれはなさいません。何でお身体からだが倒などと、そんな事がございましょう。,f,Izumi Kyoka,m,海神別荘,Villa Kaijin,play
美女,いつか、いつですか、昨夜ゆうべか、今夜か、前さきの世ですか。私が一人、楫かじも櫓ろもない、舟に、筵むしろに乗せられて、波に流されました時、父親の約束で、海の中へ捕られて行ゆく、私へ供養のためだと云って、船の左右へ、前後あとさきに、波のまにまに散って浮く……蓮華燈籠が流れました。,f,Izumi Kyoka,m,海神別荘,Villa Kaijin,play
女房,水に目のお馴なれなさいません、貴女には道しるべ、また土産にもと存じまして、これが、（手に翳かざす）その燈籠でございます。,f,Izumi Kyoka,m,海神別荘,Villa Kaijin,play
美女,まあ、灯あかりも消えずに……,f,Izumi Kyoka,m,海神別荘,Villa Kaijin,play
女房,燃えた火の消えますのは、油の尽きる、風の吹く、陸おかばかりの事でございます。一度、この国へ受取りますと、ここには風が吹きません。ただ花の香の、ほんのりと通うばかりでございます。紙の細工も珠たまに替って、葉の青いのは、翡翠ひすいの琅※(「王＋干」、第3水準1-87-83)ろうかん、花片はなびらの紅白は、真玉まだま、白珠しらたま、紅宝玉。燃ゆる灯ひも、またたきながら消えない星でございます。御覧遊ばせ、貴女。お召ものが濡れましたか。お髪ぐしも乱れはしますまい。何で、お身体からだが倒さかさまでございましょう。,f,Izumi Kyoka,m,海神別荘,Villa Kaijin,play
美女,最後に一目ひとめ、故郷ふるさとの浦の近い峰に、月を見たと思いました。それぎり、底へ引くように船が沈んで、私は波に落ちたのです。ただ幻に、その燈籠の様な蒼あおい影を見て、胸を離れて遠くへ行ゆく、自分の身の魂か、導く鬼火かと思いましたが、ふと見ますと、前途ゆくてにも、あれあれ、遥はるかの下と思う処に、月が一輪、おなじ光で見えますもの。,f,Izumi Kyoka,m,海神別荘,Villa Kaijin,play
女房,ああ、（望む）あの光は。いえ。月影ではございません。,f,Izumi Kyoka,m,海神別荘,Villa Kaijin,play
美女,でも、貴方あなた、雲が見えます、雪のような、空が見えます、瑠璃色るりいろの。そして、真白まっしろな絹糸のような光が射さします。,f,Izumi Kyoka,m,海神別荘,Villa Kaijin,play
女房,その雲は波、空は水。一輪の月と見えますのは、これから貴女がお出いで遊ばす、海の御殿でございます。あれへ、お迎え申すのです。,f,Izumi Kyoka,m,海神別荘,Villa Kaijin,play
美女,そして。参って、私の身体からだは、どうなるのでございましょうねえ。,f,Izumi Kyoka,m,海神別荘,Villa Kaijin,play
女房,ほほほ、（笑う）何事も申しますまい。ただお嬉しい事なのです。おめでとう存じます。,f,Izumi Kyoka,m,海神別荘,Villa Kaijin,play
美女,あの、捨小舟すておぶねに流されて、海の贄にえに取られて行ゆく、あの、（※(「目＋句」、第4水準2-81-91)みまわす）これが、嬉しい事なのでしょうか。めでたい事なのでしょうかねえ。,f,Izumi Kyoka,m,海神別荘,Villa Kaijin,play
女房,（再び笑う）お国ではいかがでございましょうか。私たちが故郷ふるさとでは、もうこの上ない嬉しい、めでたい事なのでございますもの。,f,Izumi Kyoka,m,海神別荘,Villa Kaijin,play
美女,あすこまで、道程みちのりは？,f,Izumi Kyoka,m,海神別荘,Villa Kaijin,play
女房,お国でたとえは煩むずかしい。……おお、五十三次と承ります、東海道を十度とたびずつ、三百度、往還ゆきかえりを繰返して、三千度いたしますほどでございましょう。,f,Izumi Kyoka,m,海神別荘,Villa Kaijin,play
美女,ええ、そんなに。,f,Izumi Kyoka,m,海神別荘,Villa Kaijin,play
女房,めした竜馬は風よりも早し、お道筋は黄金こがねの欄干、白銀の波のお廊下、ただ花の香りの中を、やがてお着きなさいます。,f,Izumi Kyoka,m,海神別荘,Villa Kaijin,play
美女,潮風、磯いその香、海松みる、海藻かじめの、咽喉のどを刺す硫黄いおうの臭気においと思いのほか、ほんに、清すずしい、佳いい薫かおり、（柔やわらかに袖を動かす）……ですが、時々、悚然ぞっとする、腥なまぐさい香のしますのは？……,f,Izumi Kyoka,m,海神別荘,Villa Kaijin,play
女房,人間の魂が、貴女を慕うのでございます。海月くらげが寄るのでございます。,f,Izumi Kyoka,m,海神別荘,Villa Kaijin,play
美女,人の魂が、海月と云って？,f,Izumi Kyoka,m,海神別荘,Villa Kaijin,play
女房,海に参ります醜い人間の魂は、皆みんな、海月になって、ふわふわさまようて歩行あるきますのでございます。,f,Izumi Kyoka,m,海神別荘,Villa Kaijin,play
黒潮騎士,（口々に）――煩うるさい。しっしっ。――（と、ものなき竜馬の周囲を呵かす。）,m,Izumi Kyoka,m,海神別荘,Villa Kaijin,play
美女,まあ、情なさけない、お恥はずかしい。（袖をもって面おもてを蔽おおう。）,f,Izumi Kyoka,m,海神別荘,Villa Kaijin,play
女房,いえ、貴女は、あの御殿の若様の、新夫人にいおくさまでいらっしゃいます、もはや人間ではありません。,f,Izumi Kyoka,m,海神別荘,Villa Kaijin,play
美女,ええ。（袖を落す。――舞台転ず。真暗まっくらになる。）――,f,Izumi Kyoka,m,海神別荘,Villa Kaijin,play
女房,（声のみして）急ぎましょう。美しい方を見ると、黒鰐くろわに、赤鮫あかざめが襲います。騎馬が前後を守護しました。お憂慮きづかいはありませんが、いぎ参ると、斬合きりあい攻合せめあう、修羅の巷ちまたをお目に懸けねばなりません。――騎馬の方々、急いで下さい。,f,Izumi Kyoka,m,海神別荘,Villa Kaijin,play
人形使,お旦那だんな――お旦那――もう一杯注ついで下せえ。,m,Izumi Kyoka,m,山吹,Japanese rose,play
万屋,（店の硝子戸の内より土間に出づ）何もね、旦那に（お）の字には及ばないが、（苦笑して）親仁おやじ、先刻さっきから大分明けたではないか。……そう飲んじゃあ稼げまいがなあ。,m,Izumi Kyoka,m,山吹,Japanese rose,play
人形使,へ、へ、もう今日は稼いだ後だよ。お旦那の前だが、これから先は山道を塒ねぐらへ帰るばかりだでね――ふらりふらりとよ。,m,Izumi Kyoka,m,山吹,Japanese rose,play
万屋,親仁の、そのふらりふらりは、聞くまでもないのだがね、塒にはまだ刻限が早かろうが。――私わしも今日は、こうして一人で留守番だが、湯治場とうじばの橋一つ越したこっちは、この通り、ひっそり閑かんで、人通りのないくらい、修善寺は大した人出だ。親仁はこれからが稼ぎ時ではないのかい。,m,Izumi Kyoka,m,山吹,Japanese rose,play
人形使,されば、この土地の人たちはじめ、諸国から入込いりこんだ講中こうじゅうがな、媼ばば、媽々かかあ、爺じい、孫、真黒まっくろで、とんとはや護摩ごまの煙が渦を巻いているような騒ぎだ。――この、時々ばらばらと来る梅雨模様の雨にもめげねえ群集ぐんじゅだでね。相当の稼ぎはあっただが、もうやがて、大師様が奥の院から修禅寺へお下くだりだ。――遠くの方で、ドーンドーンと、御輿みこしの太鼓の音が聞えては、誰もこちとらに構い手はねえよ。庵いおりを上げた見世物の、じゃ、じゃん、じゃんも、音を潜ひそめただからね――橋をこっちへ、はい、あばよと、……ははは、――晩景から、また一稼ぎ、みっちりと稼げるだが、今日の飲代のみしろにさえありつけば、この上の欲はねえ。――罷まかり違ったにした処で、往生寂滅をするばかり。（ぐったりと叩頭おじぎして、頭の上へ硝子杯コップを突出す）――お旦那、もう一杯、注いで下せえ。,m,Izumi Kyoka,m,山吹,Japanese rose,play
万屋,船幽霊ふなゆうれいが、柄杓ひしゃくを貸せといった手つきだな。……底ぬけと云うは、これからはじまった事かも知れない。……商売だからいくらでも売りはするが。（呑口のみくちを捻ひねる）――親仁、またそこらへ打倒ぶったおれては不可いけないよ。,m,Izumi Kyoka,m,山吹,Japanese rose,play
人形使,往生寂滅をするばかり。（がぶりと呑んで掌てのひらをチュウと吸う）別して今日は御命日だ――弘法こうぼう様が速すみやかに金ぴかものの自動車へ、相乗あいのりにお引取り下されますてね。,m,Izumi Kyoka,m,山吹,Japanese rose,play
万屋,弘法様がお引取り下さるなら世話はないがね、村役場のお手数になっては大変だ。ほどにしておきなさいよ。（店の内に入いらんとす。）,m,Izumi Kyoka,m,山吹,Japanese rose,play
人形使,（大おおきな声して）お旦那、もう一杯下せえ。,m,Izumi Kyoka,m,山吹,Japanese rose,play
万屋,弘法様の御祭だ。芋が石になっては困る。……もの惜おしみをするようで可厭いやだから、ままよ、いくらでも飲みなさい。だが、いまの一合たっぷりを、もう一息にやったのかい。,m,Izumi Kyoka,m,山吹,Japanese rose,play
人形使,これまでは雪見酒だで、五合ごんべい一寸たちまちに消えるだよ。……これからがお花見酒だ。……お旦那、軒の八重桜は、三本揃って、……樹は若わけえがよく咲きました。満開だ。――一軒の門かどにこのくらい咲いた家は修善寺中に見当らねえだよ。――これを視ながめるのは無銭ただだ。酒は高価たけえ、いや、しかし、見事だ。ああ、うめえ。,m,Izumi Kyoka,m,山吹,Japanese rose,play
万屋,くだらない事を言いなさるな、酔ったな、親仁。……,m,Izumi Kyoka,m,山吹,Japanese rose,play
人形使,これというも、酒の一杯や二杯ぐれえ、時たま肥料こやしにお施しなされるで、弘法様の御利益だ。,m,Izumi Kyoka,m,山吹,Japanese rose,play
万屋,詰つまらない世辞を言いなさんな。――全くこの辺、人通りのないのはひどい。……先刻さっき、山越やまごしに立野たつのから出るお稚児を二人、大勢で守立もりたてて通ったきり、馬士うまかたも見掛けない。――留守は退屈だ――ああ太鼓が聞える。……,m,Izumi Kyoka,m,山吹,Japanese rose,play
人形使,笙しょう篳篥ひちりきが、紋着袴もんつきばかまだ。――消防夫しごとしが揃って警護で、お稚児がついての。あとさきの坊様は、香こうを焚たかっしゃる、御経を読まっしゃる。御輿舁みこしかつぎは奥の院十八軒の若い衆しゅが水干烏帽子すいかんえぼしだ。――南無なむ大師、遍照金剛へんじょうこんごうッ！ 道の左右は人間の黒山だ。お捻ひねりの雨が降る。……村の嫁女は振袖で拝みに出る。独鈷とっこの湯からは婆様ばあさまが裸体はだかで飛出す――あははは、やれさてこれが反対あべこべなら、弘法様は嬉しかんべい。,m,Izumi Kyoka,m,山吹,Japanese rose,play
万屋,勝手にしろ、罰の当った。（店へ入る。）,m,Izumi Kyoka,m,山吹,Japanese rose,play
人形使,南無大師遍照金剛。――（ちびりとのみつつ、ぐたりとなる。）,m,Izumi Kyoka,m,山吹,Japanese rose,play
夫人,まあ、綺麗きれいだこと――苦労をして、よく、こんなに――（間）……お礼を言いたいようだよ――ああ、ほんとうに綺麗だよ。よく、お咲きだこと。（かくて、小流こながれに添いつつ行ゆく。石がきにサフランの花を見つつ心付く）あら鯉こいが、大おおきな鯉が、――（小流を覗のぞく）まあ、死んでるんだよ。,f,Izumi Kyoka,m,山吹,Japanese rose,play
夫人,ああ、降って来た。（井菊と大きくしるしたる番傘を開く）まあ、人形が泣くように、目にも睫毛まつげにも雫しずくがかかってさ。……（傘を人形にかざして庇かばう。）,f,Izumi Kyoka,m,山吹,Japanese rose,play
画家,（夫人の身近に、何等の介意なき態度）ははあ、操りですな。,m,Izumi Kyoka,m,山吹,Japanese rose,play
夫人,先生――ですか、あの、これは私のじゃあございませんの。,f,Izumi Kyoka,m,山吹,Japanese rose,play
画家,（はじめて心付きたる状さまにて）どうも、これは失礼しました。いや、端はなから貴女あなたがなさると思った次第でもありません。ちょっと今時珍しかったものですから。――近頃は東京では、場末の縁日にも余り見掛けなくなりました。……これは静しずかでしょうな。裏を返すと弁慶が大長刀おおなぎなたを持って威張っている。……その弁慶が、もう一つ変ると、赤い顱巻はちまきをしめた鮹たこになって、踊おどりを踊るのですが、これには別に、そうした仕掛しかけも、からくりもないようです。――（覗き覗き、済すまして夫人のさしかざしたる番傘の中へ半身）純、これは舞姫ばかりらしい。ああ、人形は名作だ。――御覧なさい凄すごいようです。……誰が持っていますか。……どうして、こんな処へほうり出しておきますかね。,m,Izumi Kyoka,m,山吹,Japanese rose,play
夫人,人形つかいは――あすこで、（軽く指ゆびさし、声を低くす）お酒を飲んでいるようですの。……そうらしいお爺さんが見えました。,f,Izumi Kyoka,m,山吹,Japanese rose,play
画家,うまいでしょうな、きっと……一つ使わせてみとうございますね。,m,Izumi Kyoka,m,山吹,Japanese rose,play
夫人,およしなさいまし、先生。……たいそう酔っているようですから。,f,Izumi Kyoka,m,山吹,Japanese rose,play
画家,いかにも、酔っ払っていては面倒ですね。ああ、しかし、人形は名作です――帰途かえりにまた出逢であうかも知れない。（半ば呟つぶやく）貴女あなた、失礼をいたしました。（冷然として山道の方かたへ行ゆく。）,m,Izumi Kyoka,m,山吹,Japanese rose,play
夫人,（二三歩あとに縋すがる）先生、あの……先生――どちらへ？,f,Izumi Kyoka,m,山吹,Japanese rose,play
画家,（再びはじめて心付く）いや、（と軽く言う。間）……先生は弱りました。が、町も村も大変な雑鬧ざっとうですから、その山の方へ行ってみます。――貴女は、（おなじく眠れるがごとき目のまま）つい、お見それ申しましたが、おなじ宿にでもおいでなのですか。,m,Izumi Kyoka,m,山吹,Japanese rose,play
夫人,ええ、じき（お傍そばにと言う意味籠こもる）……ですが、階下したの奥に。あの……,f,Izumi Kyoka,m,山吹,Japanese rose,play
画家,それはどうも――失礼します。（また行ゆく。）,m,Izumi Kyoka,m,山吹,Japanese rose,play
夫人,（一歩縋る）先生、あのここへいらっしゃりがけに、もしか、井菊の印半纏しるしばんてんを着た男衆おとこしゅにお逢いなさりはしませんでしたか。,f,Izumi Kyoka,m,山吹,Japanese rose,play
画家,ああ、逢いました。,m,Izumi Kyoka,m,山吹,Japanese rose,play
夫人,何とも申しはいたしません？……,f,Izumi Kyoka,m,山吹,Japanese rose,play
画家,（徐おもむろに腕を拱こまぬく）さあ……あの菊屋と野田屋へ向って渡る渡月橋とげつきょうとか云うのを渡りますと、欄干に、長い棹さおに、蓑みのを掛けたのが立ててあります。――この大師の市いちには、盛さかんに蓑を売るようです。その看板だが、案山子かかしの幟のぼりに挙げたようでおかしい、と思って、ぼんやり。――もっとも私も案山子に似てはいますが、（微笑ほほえむ）一枚、買いたいけれども、荷になると思って見ていますと、成程、宿の男が通りかかりました。,m,Izumi Kyoka,m,山吹,Japanese rose,play
夫人,ええ、そうして……,f,Izumi Kyoka,m,山吹,Japanese rose,play
画家,ああそうです。（拱きたる腕を解く）……「そこに奥さまがおいでです。」と言って行き過ぎました。成程……貴女の事でしたか。お連つれになって一所に出掛けたとでも思ったでしょう――失礼します。,m,Izumi Kyoka,m,山吹,Japanese rose,play
夫人,まあ、先生。……唯今ただいまは別々でしたけれど、昨夜おそく着きました時は、御一所でございましたわ。,f,Izumi Kyoka,m,山吹,Japanese rose,play
画家,貴女と……,m,Izumi Kyoka,m,山吹,Japanese rose,play
夫人,ええ。,f,Izumi Kyoka,m,山吹,Japanese rose,play
画家,存じませんな。,m,Izumi Kyoka,m,山吹,Japanese rose,play
夫人,大仁おおひとで。……自動車はつい別になりましたんですが、……おなじ時に、――,f,Izumi Kyoka,m,山吹,Japanese rose,play
画家,私は乗合でしたがな――さよう……お一方ひとかた、仕立てた方があったように思いますが、それは、至極当世風の髪も七三で……（と半ば言う。）,m,Izumi Kyoka,m,山吹,Japanese rose,play
夫人,その女が……（やや息忙いきぜわしく）その女が、先生、宿へ着きますと、すぐ、あの、眉毛まみえを落しましたの。（顔を上げつつ、颯さっとはなじろむ）髪もこんなにぐるぐる巻にしたんです。,f,Izumi Kyoka,m,山吹,Japanese rose,play
画家,ははあ。（いぶかしそうに、しかし冷静に聞くのみ。）,m,Izumi Kyoka,m,山吹,Japanese rose,play
夫人,先生。（番傘を横に、うなだれて、さしうつむく。頸脚えりあし雪を欺あざむく）宿の男衆が申したのは、余所よその女房という意味ではないのです。（やや興奮しつつ）貴方あなたの奥さまという意味でございました。,f,Izumi Kyoka,m,山吹,Japanese rose,play
画家,（かくても、もの静しずかに）……と仰有おっしゃると？,m,Izumi Kyoka,m,山吹,Japanese rose,play
夫人,昨晩、同じ宿へ着きますと、直ぐ、宿の人に――私は島津先生の――あの私は……（口籠くちごもる。小間すこしきま）お写真や、展覧会で、蔭ながらよく貴方を存じております。――「私は島津の家内ですが」と宿の人に――「実は見付からないようにおなじ汽車で、あとをつけて来たんです。」辻棲つじつまはちっと合あわないかも存じませんが、そう云いましたの。……その次第わけは「島津は近頃浮気をして、余所よその婦おんなと、ここで逢曳あいびきをするらしい。」……,f,Izumi Kyoka,m,山吹,Japanese rose,play
画家,私が。,m,Izumi Kyoka,m,山吹,Japanese rose,play
夫人,貴方が、あの、そして、仮に私の旦那様が。,f,Izumi Kyoka,m,山吹,Japanese rose,play
画家,それは少々怪けしかりません。（苦笑する。）,m,Izumi Kyoka,m,山吹,Japanese rose,play
夫人,堪忍かにして下さいまし。先生、――「座敷を別に、ここに忍んで、その浮気を見張るんだけれど、廊下などで不意に見附かっては不可いけないから、容子ようすを変えるんだ。」とそう言って、……いきなり鏡台で、眉を落して、髪も解いて、羽織を脱いでほうり出して、帯もこんなに（なよやかに、頭つむりを振向く）あの、蓮葉はすはにしめて、「後生ごしょう、内証だよ。」と堅く口止くちどめをしました上で、宿帳のお名のすぐあとへ……あの、申訳はありませんが、おなじくと……,f,Izumi Kyoka,m,山吹,Japanese rose,play
画家,（微かすかに眉を顰ひそむ。しかし寛容に）保養に来る場所ところですから、そんな悪戯いたずらもいいでしょうな――失礼します。,m,Izumi Kyoka,m,山吹,Japanese rose,play
夫人,あれ、先生、お怒りも遊ばさないで……,f,Izumi Kyoka,m,山吹,Japanese rose,play
画家,綺麗な奥さんに悪戯をされて――かえって喜んでいるかも知れません。――しかし失礼します。,m,Izumi Kyoka,m,山吹,Japanese rose,play
夫人,どうしましょう、先生、私……悪戯どころではありません。,f,Izumi Kyoka,m,山吹,Japanese rose,play
画家,悪戯どころでないというは？（この時はじめて確しかと言う。）,m,Izumi Kyoka,m,山吹,Japanese rose,play
夫人,（激して、やや震えながら）後生です。見て下さいまし。貴方に見て頂きたいものがあるんです。（外套がいとうの袖を引く、籠こもれる力に、画家を小流こながれの縁ふちに引戻す）ちょっと御覧なさいまし。,f,Izumi Kyoka,m,山吹,Japanese rose,play
画家,おお、これは酷ひどい。――これは悲惨だ。,m,Izumi Kyoka,m,山吹,Japanese rose,play
夫人,先生、私は、ここに死んで流れています、この鯉の、ほんの死際しにぎわ、一息前と同じ身の上でございます。,f,Izumi Kyoka,m,山吹,Japanese rose,play
画家,（無言。……）,m,Izumi Kyoka,m,山吹,Japanese rose,play
夫人,（間）私には厳しく追手おってが掛かかっております。見附かりますと、いまにも捉つかまえられなければなりませんものですから。――途中でお姿をお見上げ申し、お宿まで慕って参って、急の思いつきで、失礼な事をいたしました。一生懸命なのです。そしてちょっとの間まに、覚悟をしますつもりでおります。――眉を落して、形をかえて、貴方の奥さまになって隠れていましても、人出入の激しい旅館やどでは、ちっとも心が落着きませんから、こうして道に迷っております。どうぞ、御堪忍なすって下さいまし。……夢にも悪戯ではないのですから。,f,Izumi Kyoka,m,山吹,Japanese rose,play
画家,いたし方がありますまいな。,m,Izumi Kyoka,m,山吹,Japanese rose,play
夫人,（もの足りなさに、本意ほいなげにて）無理にもお許し下さいましたか。……その上なおお言葉に甘えますようですけれど、お散歩の方へ……たとい後うしろへ離れましても、御一所に願えますと、立派に人目が忍べます。――貴方（弱く媚こびて）どうぞ、お連れ下さいましな。,f,Izumi Kyoka,m,山吹,Japanese rose,play
画家,（きっぱりと）それは迷惑です。,m,Izumi Kyoka,m,山吹,Japanese rose,play
夫人,まあ。――いいえ、お連れ下さいましても、その間に、ただ（更に鯉を指す）この姿になります覚悟を極きめますだけなんでございますもの。,f,Izumi Kyoka,m,山吹,Japanese rose,play
画家,それは不可いけませんな。御事情はどんなであろうと、この形になっては仕方がありません。,m,Izumi Kyoka,m,山吹,Japanese rose,play
人形使,（つんのめりたるが猛然と面おもてを擡もたげ）お旦那、もう一杯下せえ。お旦那。,m,Izumi Kyoka,m,山吹,Japanese rose,play
画家,（この声を聞く。あえて心に留めず）私一人いちにんとしてはこんな姿におなりなさるのだけは堅くお止め申します――失礼をします。（衝つと離れて山手に赴く。）,m,Izumi Kyoka,m,山吹,Japanese rose,play
夫人,（画家の姿、槻けやきの樹立こだちにかくれたる時、はらはらとあとを追い、また後戻りす。見送りつつ）はかないねえ！,f,Izumi Kyoka,m,山吹,Japanese rose,play
人形使,お旦那、もう一杯下せえ。,m,Izumi Kyoka,m,山吹,Japanese rose,play
万屋,ちょッ、困らせるじゃあないか。（ついで与う。）,m,Izumi Kyoka,m,山吹,Japanese rose,play
人形使,そのかわり、へ、へ、今度はまた月見酒だよ。雲がかかると満月がたちまちかくれる。（一息に煽切あおっきる）ああッ、う――い。……御勘定……（首にかけた汚きたなき大蝦蟇口おおがまぐちより、だらしなく紐ひもを引いてぶら下りたる財布を絞り突銭つきせんする）弘法様も月もだがよ。銭も遍あまねく金剛を照すだね。えい。（と立つ。脊高き痩脛やせずね、破股引やれももひきにて、よたよた。酒屋は委細構わず、さっさと片づけて店へ引込ひっこむ。）えい。（よたよた。やがて人形の前までよたよたよた）はッ、静御前様。（急に恐入ったる体ていにて、ほとんど土下座をするばかり。間。酔眼を鯉に見向く）やあ、兄弟、浮かばずにまだ居たな。獺かわうそが銜くわえたか、鼬いたちが噛かじったか知らねえが、わんぐりと歯形が残って、蛆うじがついては堪たまらねえ。先刻さっきも見ていりゃ、野良犬が嗅かいで嗅放かぎっぱなしで失うせおった。犬も食わねえとはこの事だ。おのれ竜にもなる奴やつが、前世の業ごうか、死恥を曝さらすは不便ふびんだ。――俺おらが葬ってやるべえ。だが、蛇塚、猫塚、狐塚よ。塚といえば、これ突流すではあんめえ。土に埋うずめるだな、土葬にしべえ。（半ばくされたる鯉の、肥えて大なるを水より引上ぐ。客者かくしゃに見ゆ）引導の文句は知らねえ。怨恨うらみあるものには祟たたれ、化けて出て、木戸銭を、うんと取れ、喝！（財布と一所に懐中ふところに捻ねじ込みたる頭巾ずきんに包み、腰に下げ、改って蹲うずくまる）はッ、静御前様。（咽喉のどに巻いたる古手拭ふるてぬぐいを伸のばして、覆面す――さながら猿轡さるぐつわのごとくおのが口をば結ゆわう。この心は、美女に対して、熟柿じゅくし臭きを憚はばかるなり。人形の竹を高く引ひっかつぐ。山手の方へ）えい。（よたよた。よたよたよた。）,m,Izumi Kyoka,m,山吹,Japanese rose,play
人形使,えい。（よたよた）えい。（よたよたよた。）,m,Izumi Kyoka,m,山吹,Japanese rose,play
夫人,（次第に立出で、あとへ引ひっかえしざまにすれ違う。なおその人形使を凝視しつつ）爺おじさん、爺さん。,f,Izumi Kyoka,m,山吹,Japanese rose,play
人形使,（丈高く、赤き面つらにて、じろりと不気味に見向く。魔のごとし。）,m,Izumi Kyoka,m,山吹,Japanese rose,play
夫人,（大胆に、身近く寄る）私は何にも世の中に願ねがいはなし、何の望みも叶かなわなかったから、お前さんの望のぞみを叶えて上げよう。宝石も沢山ある。お金も持っています――失礼だけれど、お前さんの望むこと一つだけなら、きっと叶えて上げようと思うんだよ。望んでおくれな。爺おじさん、叶えさしておくんなさいな。,f,Izumi Kyoka,m,山吹,Japanese rose,play
人形使,（無言のまま睨にらむがごとく見詰めつつ、しばらくして、路傍みちばたに朽ちし稲塚いなづかの下の古縄を拾い、ぶらりと提げ、じりじりと寄る。その縄、ぶるぶると動く。）,m,Izumi Kyoka,m,山吹,Japanese rose,play
夫人,ああれ。（と退すさる。）,f,Izumi Kyoka,m,山吹,Japanese rose,play
人形使,（ニヤリと笑う。）,m,Izumi Kyoka,m,山吹,Japanese rose,play
夫人,ああ蛇かと思った。――もう蛇でも構わない。どうするの――どうするのよ。,f,Izumi Kyoka,m,山吹,Japanese rose,play
人形使,（ものいわず、皺手しわでをさしのべて、ただ招く。招きつつ、あとじさりに次第に樹立に入いる。）,m,Izumi Kyoka,m,山吹,Japanese rose,play
夫人,どうするのさ。どうするのよ。（おなじく次第に、かくて樹立に隠る。）,f,Izumi Kyoka,m,山吹,Japanese rose,play
馬士,（樹立より、馬を曳ひいて、あとを振向きつつ出づ。馬の背に米俵こめだわら二俵。奉納。白米。南無大師遍照金剛の札を立つ）ああ気味の悪い。真昼間まっぴるま何事だんべい。いや、はあ、こげえな時、米が砂利になるではねえか。（眉毛に唾つばしつつ俵を探りて米を噛かむ）まず無事だ。（太鼓の音近く聞ゆ）――弘法様のお庇かげだんべい。ああ気味の悪い――いずれ魔ものだ、ああ恐怖おっかねえ。,m,Izumi Kyoka,m,山吹,Japanese rose,play
夫人,ほんとうなの、爺おじさん。,f,Izumi Kyoka,m,山吹,Japanese rose,play
人形使,やあ、嘘にこんな真似が出来るもので。それ、遣附やッつけて下せえまし。,m,Izumi Kyoka,m,山吹,Japanese rose,play
夫人,ほんとうに打ぶつの？,f,Izumi Kyoka,m,山吹,Japanese rose,play
人形使,血の出るまで打って下せえ。息の止とまるまでもお願ねげえだよ。,m,Izumi Kyoka,m,山吹,Japanese rose,play
夫人,ほんとうかい、ほんとうに打つのかね。,f,Izumi Kyoka,m,山吹,Japanese rose,play
人形使,何とももう堪たまらねえ、待兼ねますだ。,m,Izumi Kyoka,m,山吹,Japanese rose,play
夫人,……あとで強情ねだられたって、それまでの事だわね,f,Izumi Kyoka,m,山吹,Japanese rose,play
晃,水は、美しい。いつ見ても……美しいな。,m,Izumi Kyoka,m,夜叉ヶ池,The Pond called Yashagaike,play
百合,ええ。,f,Izumi Kyoka,m,夜叉ヶ池,The Pond called Yashagaike,play
晃,綺麗きれいな水だよ。（微笑ほほえむ。）,m,Izumi Kyoka,m,夜叉ヶ池,The Pond called Yashagaike,play
百合,（白髪の鬢びんに手を当てて）でも、白いのでございますもの。,f,Izumi Kyoka,m,夜叉ヶ池,The Pond called Yashagaike,play
晃,そりゃ、米を磨いでいるからさ。……（框かまちの縁に腰を掛く）お勝手働き御苦労、せっかくのお手を水仕事で台なしは恐多い、ちとお手伝いと行こうかな。,m,Izumi Kyoka,m,夜叉ヶ池,The Pond called Yashagaike,play
百合,可ようございますよ。,f,Izumi Kyoka,m,夜叉ヶ池,The Pond called Yashagaike,play
晃,いや……お手伝いという処だが、お百合さんのそうした処は、咲残った菖蒲を透いて、水に影が映さしたようでなお綺麗だ。,m,Izumi Kyoka,m,夜叉ヶ池,The Pond called Yashagaike,play
百合,存じません。,f,Izumi Kyoka,m,夜叉ヶ池,The Pond called Yashagaike,play
晃,賞ほめるのに怒る奴やつがありますか。,m,Izumi Kyoka,m,夜叉ヶ池,The Pond called Yashagaike,play
百合,おなぶり遊ばすんでございますものを。――そして旦那様だんなさまは、こんな台所へ出ていらっしゃるものではありません。早くお机の所へおいでなさいまし。,f,Izumi Kyoka,m,夜叉ヶ池,The Pond called Yashagaike,play
晃,鐘を撞つく旦那はおかしい。実は権助ごんすけと名を替えて、早速お飯まんまにありつきたい。何とも可恐おそろしく腹が空いて、今、鐘を撞いた撞木しゅもくが、杖つえになれば可いいと思った。ところで居催促いざいそくという形かたもある。,m,Izumi Kyoka,m,夜叉ヶ池,The Pond called Yashagaike,play
百合,ほほほ、またお極きまり。……すぐお夕飯にいたしましょうねえ。,f,Izumi Kyoka,m,夜叉ヶ池,The Pond called Yashagaike,play
晃,手品じゃあるまいし、磨いでいる米が、飯に早変わりはしそうもないぜ。,m,Izumi Kyoka,m,夜叉ヶ池,The Pond called Yashagaike,play
百合,まあ、あんな事を――これは翌朝あしたの分を仕掛けておくのでございますよ。,f,Izumi Kyoka,m,夜叉ヶ池,The Pond called Yashagaike,play
晃,翌朝の分――ああ、お所帯しょたいもち、さもあるべき事です。いや、それを聞いて安心したら、がっかりして余計空いた。,m,Izumi Kyoka,m,夜叉ヶ池,The Pond called Yashagaike,play
百合,何でございますねえ。……お菜かずも、あの、お好きな鴫焼しぎやきをして上げますから、おとなしくしていらっしゃいまし。お腹が空いたって、人が聞くと笑います。,f,Izumi Kyoka,m,夜叉ヶ池,The Pond called Yashagaike,play
晃,（縁を上る）誰に遠慮がいるものか、人が笑うのは、ね、お前。,m,Izumi Kyoka,m,夜叉ヶ池,The Pond called Yashagaike,play
百合,はい。,f,Izumi Kyoka,m,夜叉ヶ池,The Pond called Yashagaike,play
晃,お互いに朝寝の時――,m,Izumi Kyoka,m,夜叉ヶ池,The Pond called Yashagaike,play
百合,知りませんよ。（莞爾にっこり俯向うつむく。）,f,Izumi Kyoka,m,夜叉ヶ池,The Pond called Yashagaike,play
晃,煩うるさく薮蚊やぶっかが押寄せた。裏縁で燻いぶしてやろう。（納戸、背後うしろむきに山を仰ぐ）……雲の峰を焼落やきおとした、三国ヶ岳は火のようだ。西は近江おうみ、北は加賀、幽かすかに美濃みのの山々峰々、数万すまんの松明たいまつを列つらねたように旱ひでりの焔ほのおで取巻いた。夜叉やしゃヶ池へも映るらしい。ちょうどその水の上あたり、宵の明星の色さえ赤い。……なかなか雨らしい影もないな。,m,Izumi Kyoka,m,夜叉ヶ池,The Pond called Yashagaike,play
百合,……その竜が棲すむ、夜叉ヶ池からお池の水が続くと申します。ここの清水も気のせいやら、流ながれが沢山たんと痩やせました。このごろは村方で大騒ぎをしています。……暑さは強し……貴方あなた、お身体からだに触さわりはしますまいかと、――めしあがりものの不自由な片山里は心細い。私はそれが心配でなりません。,f,Izumi Kyoka,m,夜叉ヶ池,The Pond called Yashagaike,play
晃,流ながれが細ったって構うものか。お前こそ、その上夏痩せをしないが可いい。お百合さん、その夕顔の花に、ちょっと手を触ってみないか。,m,Izumi Kyoka,m,夜叉ヶ池,The Pond called Yashagaike,play
百合,はい、どういたすのでございますか。,f,Izumi Kyoka,m,夜叉ヶ池,The Pond called Yashagaike,play
晃,花にも葉にも露があろうね。,m,Izumi Kyoka,m,夜叉ヶ池,The Pond called Yashagaike,play
百合,ああ冷い。水の手にも涼しいほど、しっとり花が濡れましたよ。,f,Izumi Kyoka,m,夜叉ヶ池,The Pond called Yashagaike,play
晃,世間の人には金が要ろう、田地も要ろう、雨もなければなるまいが、我々二人活いきるには、百日照っても乾きはしない。その、露があれば沢山なんだ。（戸外おもてに向える障子を閉とざす。）,m,Izumi Kyoka,m,夜叉ヶ池,The Pond called Yashagaike,play
百合,貴方、お暑うございましょう。開けておおきなさいましても、もう、そちこち人も通りますまい。,f,Izumi Kyoka,m,夜叉ヶ池,The Pond called Yashagaike,play
晃,何、更あらたまって、そんな心配をするものか。……晩方閉込とじこんで一燻ひといぶし燻しておくと、蚊が大分楽になるよ。,m,Izumi Kyoka,m,夜叉ヶ池,The Pond called Yashagaike,play
学円,今朝、明六あけむつの橋を渡って、ここで暮六つの鐘を聞いた。……,m,Izumi Kyoka,m,夜叉ヶ池,The Pond called Yashagaike,play
学円,やあ、お精が出ます。（と声を掛く。）,m,Izumi Kyoka,m,夜叉ヶ池,The Pond called Yashagaike,play
百合,はい。（見向く。）,f,Izumi Kyoka,m,夜叉ヶ池,The Pond called Yashagaike,play
学円,途中、畷なわての竹藪たけやぶの処へ出て……暗くなった処で、今しがた聞きました。時を打ったはこの鐘でしょうな。,m,Izumi Kyoka,m,夜叉ヶ池,The Pond called Yashagaike,play
百合,さようでございます。,f,Izumi Kyoka,m,夜叉ヶ池,The Pond called Yashagaike,play
学円,音も尊い！……立派な鐘じゃ。鐘楼つりがねどうへ上あがってみても差支えはありませんか。,m,Izumi Kyoka,m,夜叉ヶ池,The Pond called Yashagaike,play
百合,（笊ざるを抱えて立つ）ええ、大事ござんせん。けれども貴客あなた、御串戯ごじょうだんに、お杖やなんぞでお敲たたき遊ばしては不可いけません。,f,Izumi Kyoka,m,夜叉ヶ池,The Pond called Yashagaike,play
学円,西瓜すいかを買うのではありません。決して敲いてはみますまい。（笑う。）,m,Izumi Kyoka,m,夜叉ヶ池,The Pond called Yashagaike,play
百合,御串戯おっしゃいます。……いいえ、悪戯いたずらを遊ばすようなお方とは、お見受け申しはしませんけれど、その鐘は、明六つと、暮六つと、夜中丑満うしみつに一度、――三度のほかは鳴らさない事になっておりますから、失礼とは存じましたが、ちょっと申上げたのでございます。さあ、どうぞ御遠慮なく、上って御覧なさいまし。（夕顔の垣根について入いらんとす。）,f,Izumi Kyoka,m,夜叉ヶ池,The Pond called Yashagaike,play
学円,ああ、ちょっと……お待ち下さい。鐘を見ようと思いますが、ふと言ことばを交わしたを御縁に、余り不躾ぶしつけがましい事じゃが、茶なりと湯なりと、一杯お振舞い下さらんか。,m,Izumi Kyoka,m,夜叉ヶ池,The Pond called Yashagaike,play
百合,お易い事でございます。さあ、貴客あなた、これへお掛けなさいまし。,f,Izumi Kyoka,m,夜叉ヶ池,The Pond called Yashagaike,play
学円,御免下さいよ。,m,Izumi Kyoka,m,夜叉ヶ池,The Pond called Yashagaike,play
百合,真まことに見苦しゅうございます。,f,Izumi Kyoka,m,夜叉ヶ池,The Pond called Yashagaike,play
学円,これは――お寺の庫裡くりとも見受ません。御本堂は離れていますか。,m,Izumi Kyoka,m,夜叉ヶ池,The Pond called Yashagaike,play
百合,いいえ、もう昔、焼けたと申しまして、以前から、寺はないのでございます。,f,Izumi Kyoka,m,夜叉ヶ池,The Pond called Yashagaike,play
学円,鐘ばかり……,m,Izumi Kyoka,m,夜叉ヶ池,The Pond called Yashagaike,play
百合,はい。,f,Izumi Kyoka,m,夜叉ヶ池,The Pond called Yashagaike,play
学円,鐘ばかり……成程、ところで西瓜の一件じゃ。（帽子を脱ぐ、ほとんど剃髪ていはつしたるごとき一分刈いちぶがりの額を撫なでて）や、西瓜と云えば、内に甜瓜まくわうりでもありますまいか。――茶店でもない様子――（見廻す。）,m,Izumi Kyoka,m,夜叉ヶ池,The Pond called Yashagaike,play
学円,この上、晩飯の御難題は言出しませんが、いかんとも腹が空いた。,m,Izumi Kyoka,m,夜叉ヶ池,The Pond called Yashagaike,play
百合,ほほ。（と打笑うちえみ）筧かけひの下に、梨ありのみが冷ひやしてござんす、上げましょう。（と夕顔の蔭に立廻る。）,f,Izumi Kyoka,m,夜叉ヶ池,The Pond called Yashagaike,play
学円,（がぶがぶと茶を呑のみ、衣兜ポケットから扇子を取って、煽あおいだのを、と翳かざして見つつ）おお、咲きました。貴女あなたの顔を見るように。,m,Izumi Kyoka,m,夜叉ヶ池,The Pond called Yashagaike,play
百合,ええ？（聞返す。）,f,Izumi Kyoka,m,夜叉ヶ池,The Pond called Yashagaike,play
学円,いや、髪の色を見るように。,m,Izumi Kyoka,m,夜叉ヶ池,The Pond called Yashagaike,play
百合,もう、年をとりますと、花どころではございません。早く干瓢かんぴょうにでもなりますれば、……とそればかりを待っております。,f,Izumi Kyoka,m,夜叉ヶ池,The Pond called Yashagaike,play
学円,小刀ナイフをこれへお遣わし……私わしが剥むきます。――お世話を掛けてはかえって気遣いな。どれどれ……旅の事欠け、不器用ながら、梨なしの皮ぐらいは、うまく剥きます。おおおお氷よりよく冷えた。玉を削るとはこの事じゃろう。,m,Izumi Kyoka,m,夜叉ヶ池,The Pond called Yashagaike,play
百合,旅を遊ばす御様子にお見受け申します……貴客あなたは、どれから、どれへお越しなさいますえ？,f,Izumi Kyoka,m,夜叉ヶ池,The Pond called Yashagaike,play
学円,さて名告なのりを揚げて、何の峠を越すと云うでもありません。御覧の通り、学校に勤めるもので、暑中休暇に見物学問という処を、遣やって歩行あるく……もっとも、帰途かえりみちです。――涼しくば木の芽峠、音に聞こえた中の河内かわちか、（廂ひさしはずれに山見る眉）峰の茶店ちゃやに茶汲女ちゃくみおんなが赤前垂あかまえだれというのが事実なら、疱瘡ほうそうの神の建場たてばでも差支えん。湯の尾峠を越そうとも思います。――落着く前さきは京都ですわ。,m,Izumi Kyoka,m,夜叉ヶ池,The Pond called Yashagaike,play
百合,お泊りは？ 貴客あなた、今晩の。,f,Izumi Kyoka,m,夜叉ヶ池,The Pond called Yashagaike,play
学円,ああ、うっかり泊りなぞお聞きなさらぬが可いい。言尻ことばじりに着いて、宿の御無心申さんとも限らんぞ。はははは、いや、串戯じょうだんじゃ。御心配には及ばんが、何と、その湯の尾峠の茶汲女は、今でも赤前垂じゃろうかね。,m,Izumi Kyoka,m,夜叉ヶ池,The Pond called Yashagaike,play
百合,山また山の峠の中に、嘘のようにもお思いなさいましょうが、まったくだと申します。,f,Izumi Kyoka,m,夜叉ヶ池,The Pond called Yashagaike,play
学円,谷の姫百合も緋色ひいろに咲けば、何もそれに不思議はない。が、この通り、山ばかり、重かさなり累かさなる、あの、巓いただきを思うにつけて、……夕焼雲が、めらめらと巌いわおに焼込やけこむようにも見える。こりゃ、赤前垂より、雪女郎で凄すごうても、中の河内が可いいかも分らん。何にしろ、暑い事じゃね。――やっとここで呼吸いきをついた。,m,Izumi Kyoka,m,夜叉ヶ池,The Pond called Yashagaike,play
百合,里では人死ひとじにもありますッて……酷ひどい旱ひでりでございますもの。,f,Izumi Kyoka,m,夜叉ヶ池,The Pond called Yashagaike,play
学円,今朝から難行苦行なんぎょうくぎょうの体ていで、暑さに八九里悩みましたが――可恐おそろしい事には、水らしい水というのを、ここに来てはじめて見ました。これは清水と見えます。,m,Izumi Kyoka,m,夜叉ヶ池,The Pond called Yashagaike,play
百合,裏の崕がけから湧わきますのを、筧かけひにうけて落します……細い流ながれでございますが、石に当って、りんりんと佳いい音ねがしますので、この谷を、あの琴弾谷ことひきだにと申します。貴客、それは、おいしい冷い清水。……一杯汲んで差上げましょうか。,f,Izumi Kyoka,m,夜叉ヶ池,The Pond called Yashagaike,play
学円,何が今まで我慢が出来よう、鐘堂つりがねどうも知らない前に、この美うつくしい水を見ると、逆蜻蛉さかとんぼで口をつけて、手で引掴ひッつかんでがぶがぶと。,m,Izumi Kyoka,m,夜叉ヶ池,The Pond called Yashagaike,play
百合,まあ、私はどうしましょう、知らずにお米を磨とぎました。,f,Izumi Kyoka,m,夜叉ヶ池,The Pond called Yashagaike,play
学円,いや、しらげ水は菖蒲あやめの絞しぼり、夕顔の花の化粧になったと見えて、下流の水はやっぱり水晶。ささ濁りもしなかった。が、村里一統、飲む水にも困るらしく見受けたに、ここの源みなもとまで来ないのは格別、流れを汲取るものもなかったように思う……何ぞ仔細しさいのある事じゃろうか。,m,Izumi Kyoka,m,夜叉ヶ池,The Pond called Yashagaike,play
百合,あの、湧きますのは、裏の崕がけでござんすけれど。,f,Izumi Kyoka,m,夜叉ヶ池,The Pond called Yashagaike,play
学円,はあ、はあ。……,m,Izumi Kyoka,m,夜叉ヶ池,The Pond called Yashagaike,play
百合,水の源もとはこの山奥に、夜叉ヶ池と申します。凄すごい大池がございます。その水底みなそこには竜が棲すむ、そこへ通うと云いまして――毒があると可恐こわがります。――もう薄暗くて見えますまいけれども、その貴客あなた、流ながれの石には、水がかかって、紫だの、緑だの、口紅ほどな小粒も交まじって、それは綺麗でございますのを、お池の主の眷属けんぞくの鱗うろこがこぼれたなんのッて、気味が悪いと申すんでございますから。……,f,Izumi Kyoka,m,夜叉ヶ池,The Pond called Yashagaike,play
学円,綺麗な石が毒蛇の鱗？ や、がぶがぶと、豪えらいことを遣やってしもうた。（と扇子をもって胸を打つ。）,m,Izumi Kyoka,m,夜叉ヶ池,The Pond called Yashagaike,play
百合,まあ、（と微笑ほほえみ）私どもがこの年まで朝夕飲んで何ともない、それをあの、人は疑うのでございます。,f,Izumi Kyoka,m,夜叉ヶ池,The Pond called Yashagaike,play
学円,もっとも、もっとも。ものを疑うのは人間の習いですよ。私わしは今のお言ことばで、決して心配はしますまい。現に朝夕飲んでおらるる、――この年紀としまで――（と打ち瞻まもり）お幾歳いくつじゃな。,m,Izumi Kyoka,m,夜叉ヶ池,The Pond called Yashagaike,play
百合,…………,f,Izumi Kyoka,m,夜叉ヶ池,The Pond called Yashagaike,play
学円,まあさ、失礼じゃが、お幾歳です？,m,Izumi Kyoka,m,夜叉ヶ池,The Pond called Yashagaike,play
百合,御免なさいまし、……忘れました。……,f,Izumi Kyoka,m,夜叉ヶ池,The Pond called Yashagaike,play
学円,ははは、俚言ことわざにも、婦人に対して、貴女はいつ死ぬとは問うても可いい。が、いつ生れた、とは聞くな――とある。これは無遠慮に出過ぎました。……お幾歳じゃと年紀としは尋ねますまい。時に幾干いくらですか。,m,Izumi Kyoka,m,夜叉ヶ池,The Pond called Yashagaike,play
百合,幾干かとおっしゃって？,f,Izumi Kyoka,m,夜叉ヶ池,The Pond called Yashagaike,play
学円,代価じゃ。,m,Izumi Kyoka,m,夜叉ヶ池,The Pond called Yashagaike,play
百合,あの、お代、何の？……お宝……ま、滅相めっそうな。お茶代なぞ頂くのではないのでござんす。,f,Izumi Kyoka,m,夜叉ヶ池,The Pond called Yashagaike,play
学円,茶も茶じゃが、いやあこれは、髯ひげのようにもじゃもじゃと聞えておかしい。茶も勿論、梨を十分に頂いた。お商売でのうても無代価では心苦しい。ずばりと余計なら黙っても差置きますが、旅空なり、御覧の通りの風体ふうてい。ちゃんと云うて取って下さい。,m,Izumi Kyoka,m,夜叉ヶ池,The Pond called Yashagaike,play
百合,そうまでお気が済みませんなら、少々お代を頂きましょうか。,f,Izumi Kyoka,m,夜叉ヶ池,The Pond called Yashagaike,play
学円,勿論ともな。,m,Izumi Kyoka,m,夜叉ヶ池,The Pond called Yashagaike,play
百合,でも、あの、お代とさえ申しますもの、お宝には限りません。そのかわり、短いのでも可ようござんす、お談話はなしを一つ、お聞かせなすって下さいましな。,f,Izumi Kyoka,m,夜叉ヶ池,The Pond called Yashagaike,play
学円,談話をせい、……談話とは？,m,Izumi Kyoka,m,夜叉ヶ池,The Pond called Yashagaike,play
百合,方々旅を遊ばした、面白い、珍しい、お話しでございます。,f,Izumi Kyoka,m,夜叉ヶ池,The Pond called Yashagaike,play
学円,その談話を？,m,Izumi Kyoka,m,夜叉ヶ池,The Pond called Yashagaike,play
百合,はい、お代のかわりに頂きます。貴客あなたには限りませず、薬売の衆、行者ぎょうじゃ、巡礼、この村里の人たちにも、お間に合うものがござんして、そのお代をと云う方には、誰方どなたにも、お談話を一条ひとつずつ伺います。沢山たんとお聞かせ下さいますと、お泊め申しもするのでござんす。,f,Izumi Kyoka,m,夜叉ヶ池,The Pond called Yashagaike,play
学円,むむ、これこそ談話じゃ。（と小膝こひざを拍うって）面白い。話しましょう。……が、さて談話というて、差当り――お茶代になるのじゃからって、長崎から強飯こわめしでもあるまいな。や、思出した。しかもこの越前えちぜんじゃ。,m,Izumi Kyoka,m,夜叉ヶ池,The Pond called Yashagaike,play
百合,どんなお話、もし、貴客あなた。,f,Izumi Kyoka,m,夜叉ヶ池,The Pond called Yashagaike,play
学円,……時にここで話すのを、貴女のほかに聞く人がありますかね。,m,Izumi Kyoka,m,夜叉ヶ池,The Pond called Yashagaike,play
百合,いいえ、外ほかにはお月様ばかりでござんす。,f,Izumi Kyoka,m,夜叉ヶ池,The Pond called Yashagaike,play
学円,道理こそ燈あかりが消えて、ああ、蚊遣かやりの煙で、よくは見えぬが、……納戸に月が射さすらしい。――お待ちなさい。今、言いかけた越前の話というのは、縁の下で牡丹餅ぼたもちが化けたのです。たとえば、ここで私わしがものを云うと、その通り、縁の下で口真似をする奴やつがある。村中が寄って集たかって、口真似するは何ものじゃ。狐か、と聞くと、違う。と答える。狸か、違う、獺かわうそか、違う、魔か、天狗てんぐか、違う、違う。……しまいに牡丹餅か、と尋ねた時、おうと云って消え失うせたという――その話をする気であったが、……まだ外に、月が聞くと言わるるから、出直して、別の談話はなしをする気になった。お聞きなさい。これは現在一昨年おととしの夏――,m,Izumi Kyoka,m,夜叉ヶ池,The Pond called Yashagaike,play
百合,ああ、貴客あなた、貴客、難有ありがとう存じます。……ほんとうに難有う存じました。（とにべなく言う。）,f,Izumi Kyoka,m,夜叉ヶ池,The Pond called Yashagaike,play
学円,そんなに礼を云うて、茶代のかわりになるのですかい。,m,Izumi Kyoka,m,夜叉ヶ池,The Pond called Yashagaike,play
百合,もう沢山でございます。,f,Izumi Kyoka,m,夜叉ヶ池,The Pond called Yashagaike,play
学円,それでは面白かったのじゃね。,m,Izumi Kyoka,m,夜叉ヶ池,The Pond called Yashagaike,play
百合,……おもしろいのは、前の牡丹餅の化けた方、あとのは沢山でございます。,f,Izumi Kyoka,m,夜叉ヶ池,The Pond called Yashagaike,play
学円,さて談話はなしはこれからなんじゃ、今のはほんの前提まえおきですが。,m,Izumi Kyoka,m,夜叉ヶ池,The Pond called Yashagaike,play
百合,どうぞ、……結構でございますから、……そして貴客、もう暗くなります、お宿をお取り遊ばすにも御不自由でございましょうから。……,f,Izumi Kyoka,m,夜叉ヶ池,The Pond called Yashagaike,play
学円,いやいや、談話の模様では、宿をする事もあると言われた。私わしも一つ泊めて下さい、――この談話は実みがありますから。,m,Izumi Kyoka,m,夜叉ヶ池,The Pond called Yashagaike,play
百合,先刻さっきは、貴客、女の口から泊りの事なぞ聞くんじゃない。……その言ことばについて、宿の無心でもされたらどうするとおっしゃって。……もう、清い涼すずしいお方だと思いましたものを、……女ばかり居る処で、宿貸せなぞと、そんな事、……もう、私は気味が悪い。,f,Izumi Kyoka,m,夜叉ヶ池,The Pond called Yashagaike,play
学円,気味が悪いな？ 牡丹餅の化けたのではないですが。,m,Izumi Kyoka,m,夜叉ヶ池,The Pond called Yashagaike,play
百合,こんな山家は、お化ばけより、都の人が可恐こおうござんす、……さ、貴客どうぞ。,f,Izumi Kyoka,m,夜叉ヶ池,The Pond called Yashagaike,play
学円,これは、押出されるは酷ひどい。（不承々々に立つ。）,m,Izumi Kyoka,m,夜叉ヶ池,The Pond called Yashagaike,play
百合,（続いて出で、押遣おしやるばかりに）どうぞ、お立ち下さいまし。,f,Izumi Kyoka,m,夜叉ヶ池,The Pond called Yashagaike,play
学円,婦人ばかりじゃ、ともこうも言われぬか。鉢の木ではないのじゃが、蚊に焚たく柴もあるものを、……常世つねよの宿なら、こう情なさけなくは扱うまい。……雪の降らぬがせめてもじゃ。,m,Izumi Kyoka,m,夜叉ヶ池,The Pond called Yashagaike,play
百合,真夏土用の百日旱ひでりに、たとい雪が降ろうとも、……（と立ちながら、納戸の方を熟じっと視みて、学円に瞳を返す。）御機嫌よう。,f,Izumi Kyoka,m,夜叉ヶ池,The Pond called Yashagaike,play
学円,失礼します。,m,Izumi Kyoka,m,夜叉ヶ池,The Pond called Yashagaike,play
晃,（衝つと蚊遣かやりの中に姿を顕あらわし）山沢、山沢。（ときっぱり呼ぶ。）,m,Izumi Kyoka,m,夜叉ヶ池,The Pond called Yashagaike,play
学円,おい、萩原、萩原か。,m,Izumi Kyoka,m,夜叉ヶ池,The Pond called Yashagaike,play
百合,あれ、貴方あなた。（と走り寄って、出足を留めるように、膝を突き手に晃の胸を圧おさえる。）,f,Izumi Kyoka,m,夜叉ヶ池,The Pond called Yashagaike,play
晃,帰りやしない、大丈夫、大丈夫。（と低声こごえに云って）何とも言いようがない、山沢、まあ――まあ、こちらへ。,m,Izumi Kyoka,m,夜叉ヶ池,The Pond called Yashagaike,play
学円,私わしも何とも言いようが無い。十に九ツ君だろうと、今ね、顔を見た時、また先刻さっきからの様子でもそう思うた、けれども、余り思掛けなし――（引返して框かまちに来きたり）第一、その頭はどうしたい。,m,Izumi Kyoka,m,夜叉ヶ池,The Pond called Yashagaike,play
晃,頭もどうかしていると思って、まあ、許して上ってくれ。,m,Izumi Kyoka,m,夜叉ヶ池,The Pond called Yashagaike,play
学円,埃ほこりばかりじゃ、失敬するぞ、（と足を拭ふいたなりで座に入る）いや、その頭も頭じゃが、白髪はどうじゃ、白髪はよ？……,m,Izumi Kyoka,m,夜叉ヶ池,The Pond called Yashagaike,play
晃,これか、谷底に棲すめばといって、大蛇うわばみに呑まれた次第わけではない、こいつは仮髪かつらだ。（脱いで棄てる。）,m,Izumi Kyoka,m,夜叉ヶ池,The Pond called Yashagaike,play
学円,ははあ……（とお百合を密そっと見て）勿論じゃな、その何も……,m,Izumi Kyoka,m,夜叉ヶ池,The Pond called Yashagaike,play
晃,こりゃ、百合と云う。,m,Izumi Kyoka,m,夜叉ヶ池,The Pond called Yashagaike,play
学円,お百合さんか。細君も……何、奥方も……,m,Izumi Kyoka,m,夜叉ヶ池,The Pond called Yashagaike,play
晃,泣く奴があるか、涙を拭いて、整然ちゃんとして、御挨拶ごあいさつしな。,m,Izumi Kyoka,m,夜叉ヶ池,The Pond called Yashagaike,play
晃,君に背中を敲たたかれて、僕の夢が覚めた処で、東京に帰るかって憂慮きづかいなんです。,m,Izumi Kyoka,m,夜叉ヶ池,The Pond called Yashagaike,play
学円,（お百合の優しさに、涙もろく、ほろりとしながら）いや、私わしの顔を見たぐらいで、萩原――この夢は覚めんじゃろう。……何、いい夢なら、あえて覚めるには及ばんのじゃ……しかし萩原、夢の裡うちにも忘れまいが、東京の君の内では親御はじめ、,m,Izumi Kyoka,m,夜叉ヶ池,The Pond called Yashagaike,play
晃,むむ。,m,Izumi Kyoka,m,夜叉ヶ池,The Pond called Yashagaike,play
学円,君の事で、多少、それは、寿命は縮められたか分らんが、皆まず御無事じゃ。,m,Izumi Kyoka,m,夜叉ヶ池,The Pond called Yashagaike,play
晃,ああ、そうか。難有ありがたい。,m,Izumi Kyoka,m,夜叉ヶ池,The Pond called Yashagaike,play
学円,私わしに礼には及ばない。,m,Izumi Kyoka,m,夜叉ヶ池,The Pond called Yashagaike,play
晃,実に済まん！,m,Izumi Kyoka,m,夜叉ヶ池,The Pond called Yashagaike,play
学円,さてこれはどうしたわけじゃ。,m,Izumi Kyoka,m,夜叉ヶ池,The Pond called Yashagaike,play
晃,夢だと思って聞いてくれ。,m,Izumi Kyoka,m,夜叉ヶ池,The Pond called Yashagaike,play
学円,勿論、夢だと思うておる。……,m,Izumi Kyoka,m,夜叉ヶ池,The Pond called Yashagaike,play
晃,委くわしい事は、夜すがらにも話すとして、知ってる通り……僕は、それ諸国の物語を聞こうと思って、北国筋を歩行あるいたんだ。ところが、自身……僕、そのものが一条ひとくだりの物語になった訳だ。――魔法つかいは山を取って海に移す、人間を樹にもする、石にもする、石を取って木この葉にもする。木の葉を蛙かえるにもするという、……君もここへ来たばかりで、もの語かたりの中の人になったろう……僕はもう一層、その上を、物語、そのものになったんだ。,m,Izumi Kyoka,m,夜叉ヶ池,The Pond called Yashagaike,play
学円,薄気味の悪い事を云うな。では、君の細君は、……（云いつつ憚はばかる。）,m,Izumi Kyoka,m,夜叉ヶ池,The Pond called Yashagaike,play
晃,（納戸を振向く）衣服きものでも着換えるか、髪など撫なでつけているだろう。……襖ふすま一重だから、背戸へ出た。……,m,Izumi Kyoka,m,夜叉ヶ池,The Pond called Yashagaike,play
学円,（伸上り納戸越に透かして見て）おい、水があるか、蘆あしの葉の前に、櫛くしにも月の光が射さして、仮髪かつらをはずした髪の艶つや、雪国と聞くせいか、まだ消残って白いように、襟脚、脊筋も透通る。……凄すごいまで美しいが、……何か、細君は魔法つかいか。,m,Izumi Kyoka,m,夜叉ヶ池,The Pond called Yashagaike,play
晃,可哀想かわいそうな事を言え、まさか。,m,Izumi Kyoka,m,夜叉ヶ池,The Pond called Yashagaike,play
学円,ふん。,m,Izumi Kyoka,m,夜叉ヶ池,The Pond called Yashagaike,play
晃,この土地、この里――この琴弾谷が、一個ひとつの魔法つかいだと云うんだよ。――,m,Izumi Kyoka,m,夜叉ヶ池,The Pond called Yashagaike,play
学円,聞いた。しかもその池を見ようと思って、今庄いまじょう駅から五里ばかり、わざわざここまで入込いりこんだのじゃ。,m,Izumi Kyoka,m,夜叉ヶ池,The Pond called Yashagaike,play
晃,僕も一昨年おととし、その池を見ようと思って、ただ一人、この谷へ入ったために、こういう次第になったんだ。――ここに鐘がある――,m,Izumi Kyoka,m,夜叉ヶ池,The Pond called Yashagaike,play
学円,ある！ 何か、明六つ、暮六つ……丑満うしみつ、と一昼夜に三度鳴らす。その他は一切音をさせない定さだめじゃと聞いたが。,m,Izumi Kyoka,m,夜叉ヶ池,The Pond called Yashagaike,play
晃,そうだよ。定として、他は一切音をさせてはならない、と一所にな、一日一夜に三度ずつは必ず鳴らさねばならないんだ。,m,Izumi Kyoka,m,夜叉ヶ池,The Pond called Yashagaike,play
学円,それは？,m,Izumi Kyoka,m,夜叉ヶ池,The Pond called Yashagaike,play
晃,ここに伝説がある。昔、人と水と戦って、この里の滅びようとした時、越えつの大徳泰澄だいとくたいちょうが行力ぎょうりきで、竜神をその夜叉ヶ池に封込ふうじこんだ。竜神の言うには、人の溺おぼれ、地の沈むを救うために、自由を奪わるるは、是非に及ばん。そのかわりに鐘を鋳て、麓ふもとに掛けて、昼夜に三度ずつ撞鳴つきならして、我を驚かし、その約束を思出させよ。……我が性は自由を想う。自在を欲する。気ままを望む。ともすれば、誓ちかいを忘れて、狭き池の水をして北陸七道に漲みなぎらそうとする。我が自由のためには、世の人畜の生命など、ものの数ともするものでない。が、約束は違たがえぬ、誓は破らん――但しその約束、その誓を忘れさせまい。思出させようとするために、鐘を撞つく事を怠るな。――山沢、そのために鋳た鐘なんだよ。だから一度でも忘れると、たちどころに、大雨たいう、大雷だいらい、大風とともに、夜叉ヶ池から津浪が起って、村も里も水の底に葬って、竜神は想うままに天地を馳はすると……こう、この土地で言伝える。……そのために、明六つ、暮六つ、丑満つ鐘を撞く。……,m,Izumi Kyoka,m,夜叉ヶ池,The Pond called Yashagaike,play
学円,（乗出でて）面白い。,m,Izumi Kyoka,m,夜叉ヶ池,The Pond called Yashagaike,play
晃,いや、面白いでは済まない、大切な事です。,m,Izumi Kyoka,m,夜叉ヶ池,The Pond called Yashagaike,play
学円,いかにも大切な事じゃ。,m,Izumi Kyoka,m,夜叉ヶ池,The Pond called Yashagaike,play
晃,ところで、その鐘を撞く、鐘撞き男を誰だと思う。,m,Izumi Kyoka,m,夜叉ヶ池,The Pond called Yashagaike,play
学円,君か。,m,Izumi Kyoka,m,夜叉ヶ池,The Pond called Yashagaike,play
晃,僕だよ。すなわち萩原晃がその鐘撞夫かねつきなんだよ。,m,Izumi Kyoka,m,夜叉ヶ池,The Pond called Yashagaike,play
学円,はてな。,m,Izumi Kyoka,m,夜叉ヶ池,The Pond called Yashagaike,play
晃,ここに小屋がある……,m,Izumi Kyoka,m,夜叉ヶ池,The Pond called Yashagaike,play
学円,むむ。,m,Izumi Kyoka,m,夜叉ヶ池,The Pond called Yashagaike,play
晃,鐘撞が住む小屋で、一昨年おととしの夏、私が来て、代るまでは、弥太兵衛やたべえと云う七十九になる爺様じいさんが一人居て、これは五十年以来このかた、いかな一日も欠かす事なく、一昼夜に三度ずつこの鐘を打っていた。,m,Izumi Kyoka,m,夜叉ヶ池,The Pond called Yashagaike,play
学円,その鳴らしてならないというは、どうした次第わけじゃね？,m,Izumi Kyoka,m,夜叉ヶ池,The Pond called Yashagaike,play
晃,鐘は、高く、ここにあって――その影は、深く夜叉ヶ池の碧潭へきたんに映ると云う。……撞木しゅもくを当てて鳴る時は、凩こがらしにすら、そよりとも動かない、その池の水が、さらさらと波を立てると聞く。元来、竜神を驚かすために打鳴らすのであるから、三度のほかに騒がしては、礼を欠く事に当る。……,m,Izumi Kyoka,m,夜叉ヶ池,The Pond called Yashagaike,play
学円,その道理じゃ、むむ。,m,Izumi Kyoka,m,夜叉ヶ池,The Pond called Yashagaike,play
晃,鐘も鳴らせん……処で、不知案内の村を駈廻かけまわって人を集めた、――サア、弥太兵衛の始末は着いたが、誰も承合うけあって鐘を撞こうと言わない。第一、しかじかであるからと、爺じいに聞いた伝説を、先祖の遺言のように厳おごそかに言って聞かせると、村のものは哄どっと笑う。……若いものは無理もない。老寄としよりどもも老寄どもなり、寺の和尚おしょうまでけろりとして、昔話なら、桃太郎の宝を取って帰った方が結構でござる、と言う。癪しゃくに障った――勝手にしろ、と私もそこから、（と框かまちを指し）草鞋わらじを穿はいて、すたすたとこの谷を出て帰ったんだ。帰る時、鹿見村しかみむらのはずれの土橋の袂たもとに、榎えのきの樹の下に立ってしょんぼりと見送ったのが、（と調子を低く）あの、婦人おんなだ。,m,Izumi Kyoka,m,夜叉ヶ池,The Pond called Yashagaike,play
学円,（黙然もくねんとして顔を見る。）,m,Izumi Kyoka,m,夜叉ヶ池,The Pond called Yashagaike,play
晃,（言葉途絶える）そう顔を見るな、恥入った。,m,Izumi Kyoka,m,夜叉ヶ池,The Pond called Yashagaike,play
学円,（しばらく、打案じ）すると、あの、……お百合さんじゃ、その人のために、ここに隠れる気になったと云うのじゃ。,m,Izumi Kyoka,m,夜叉ヶ池,The Pond called Yashagaike,play
晃,……ますます恥入る。,m,Izumi Kyoka,m,夜叉ヶ池,The Pond called Yashagaike,play
学円,いや、恥ずるには及ばん。が、どうじゃ、細君を連れて東京に帰るわけには行ゆかんのかい。,m,Izumi Kyoka,m,夜叉ヶ池,The Pond called Yashagaike,play
晃,何も三ヶ国と言わん。越前一ヶ国とも言わん。われわれ二人が見棄てて去って、この村と、里と、麓ふもとに棲すむものの生命をどうする。,m,Izumi Kyoka,m,夜叉ヶ池,The Pond called Yashagaike,play
学円,萩原、（と呼びつつ、寄り）で、君はそれを信ずるかい。,m,Izumi Kyoka,m,夜叉ヶ池,The Pond called Yashagaike,play
晃,信ずる、信ずるようになった。萩原晃はいざ知らん、越前国三国ヶ岳の麓、鹿見村琴弾谷ことひきだにの鐘楼守しょうろうもり、百合の夫の二代の弥太兵衛は確たしかに信じる。,m,Izumi Kyoka,m,夜叉ヶ池,The Pond called Yashagaike,play
学円,（ひたりと洋服の胡坐あぐらに手をおき）何にも言わん。そう信ぜい。堅く進ぜい。奥方の人を離れた美しさを見るにつけても、天がこの村のために、お百合さんを造り置いて、鐘楼守を、ここに据えられたものかも知れん。君たち二人は二柱ふたはしらの村の神じゃ。就中なかんずく、お百合さんは女神じゃな。,m,Izumi Kyoka,m,夜叉ヶ池,The Pond called Yashagaike,play
百合,（行燈あんどんを手に黒髪美しく立出づる）私、どうしたら可ようございましょう。,f,Izumi Kyoka,m,夜叉ヶ池,The Pond called Yashagaike,play
学円,や、これは……,m,Izumi Kyoka,m,夜叉ヶ池,The Pond called Yashagaike,play
百合,貴客あなた、今ほどは。,f,Izumi Kyoka,m,夜叉ヶ池,The Pond called Yashagaike,play
学円,さて、お初に……はははは、奥さん。,m,Izumi Kyoka,m,夜叉ヶ池,The Pond called Yashagaike,play
百合,まあ。……（と恥らう。）,f,Izumi Kyoka,m,夜叉ヶ池,The Pond called Yashagaike,play
晃,これ、まあ……ではない、よく御挨拶申しな、兄とおなじ人だ。,m,Izumi Kyoka,m,夜叉ヶ池,The Pond called Yashagaike,play
百合,（黙って手をつく。）,f,Izumi Kyoka,m,夜叉ヶ池,The Pond called Yashagaike,play
学円,はいはい。いや、御挨拶はもう済みました。貴女あなた嚔くしゃみは出ませなんだか。,m,Izumi Kyoka,m,夜叉ヶ池,The Pond called Yashagaike,play
晃,うっかり嚔なんぞすると、蚊が飛出す。,m,Izumi Kyoka,m,夜叉ヶ池,The Pond called Yashagaike,play
百合,あれ、沢山たんとおなぶんなさいまし。,f,Izumi Kyoka,m,夜叉ヶ池,The Pond called Yashagaike,play
晃,そんなに、お前、白粉おしろいを粧つけて。,m,Izumi Kyoka,m,夜叉ヶ池,The Pond called Yashagaike,play
百合,あんな事ばかりおっしゃる。（と優しく睨にらんで顔を隠す。）,f,Izumi Kyoka,m,夜叉ヶ池,The Pond called Yashagaike,play
学円,何にしろ、お睦むつまじい……ははははは、勝手にお噂うわさをしましたが、何は、お里方、親御、御兄弟は？,m,Izumi Kyoka,m,夜叉ヶ池,The Pond called Yashagaike,play
晃,山沢、何にもない孤児みなしごなんだ。鎮守の八幡はちまんの宮の神官かんぬしの一人娘で、その神官の父親おとっさんも亡くなった。叔父があって、それが今、神官の代理をしている。……これの前だが、叔父というのは、了簡りょうけんのよくない人でな。,m,Izumi Kyoka,m,夜叉ヶ池,The Pond called Yashagaike,play
学円,それはそれは。,m,Izumi Kyoka,m,夜叉ヶ池,The Pond called Yashagaike,play
晃,姪めいのこれを、附けつ廻しつしたという大難ぶつです。,m,Izumi Kyoka,m,夜叉ヶ池,The Pond called Yashagaike,play
百合,ほんとうに、たよりのない身体からだでございます。何にも存じません、不束ふつつかものでございますけれど、貴客あなた、どうぞ御ふびんをお懸けなすって下さいまし。（しんみりと学円に向って三指みつゆびして云う。）,f,Izumi Kyoka,m,夜叉ヶ池,The Pond called Yashagaike,play
学円,（引き入れられて、思わず涙ぐむ。）御殊勝ですな。他人のようには思いません。,m,Izumi Kyoka,m,夜叉ヶ池,The Pond called Yashagaike,play
晃,（同じく何となく胸せまる。涙を払って）さあさあ、親類というお言葉なんだ。遠慮のない処、何にも要らん。御吹聴ごふいちょうの鴫焼しぎやきで一杯つけな。これからゆっくり話すんだ。山沢、野菜は食わしたいぜ、そりゃ、甘うまいぞ。,m,Izumi Kyoka,m,夜叉ヶ池,The Pond called Yashagaike,play
学円,奥方、お立ちなさるな。トそこでじゃな、萩原、私わしは志した通り、これから夜を掛けて夜叉ヶ池を見に行ゆく気じゃ。種々いろいろ不思議な話を聞いたら、なお一層見たくなった。御飯はお手料理で御馳走ごちそうになろうが、お杯には及ばん、第一、知ってる通り、一滴も飲めやせん。,m,Izumi Kyoka,m,夜叉ヶ池,The Pond called Yashagaike,play
晃,成程、そうか、夜叉ヶ池を見に来たんだ。……明日あしたにしては、と云うんだけれども、道は一里余り、が、上りが嶮けわしい。この暑さでは夜が可いい。しかし、四五日は帰さんから、明日の晩にしてくれないかい。,m,Izumi Kyoka,m,夜叉ヶ池,The Pond called Yashagaike,play
学円,いや、学校がある。これでも学生の方ではないから勝手に休めん。第一、遊び過ぎて、もう切詰めじゃ。,m,Izumi Kyoka,m,夜叉ヶ池,The Pond called Yashagaike,play
晃,それは困った、学校は？……先刻さっき、落着く先は京都だと云ったようだな。,m,Izumi Kyoka,m,夜叉ヶ池,The Pond called Yashagaike,play
学円,むむ、去年から。……みやづかえの情なさけなさじゃ。何しろ、急ぐ。,m,Izumi Kyoka,m,夜叉ヶ池,The Pond called Yashagaike,play
晃,分った、では案内かたがた一所に行く。,m,Izumi Kyoka,m,夜叉ヶ池,The Pond called Yashagaike,play
学円,君も。,m,Izumi Kyoka,m,夜叉ヶ池,The Pond called Yashagaike,play
晃,……直ぐに出掛けよう。,m,Izumi Kyoka,m,夜叉ヶ池,The Pond called Yashagaike,play
学円,それだと、奥方に済まんぞ。,m,Izumi Kyoka,m,夜叉ヶ池,The Pond called Yashagaike,play
晃,何を詰つまらない。,m,Izumi Kyoka,m,夜叉ヶ池,The Pond called Yashagaike,play
百合,いいえ……（と云いしがしおしおと）貴方あなた、直ぐにとおっしゃって、……お支度は、……,f,Izumi Kyoka,m,夜叉ヶ池,The Pond called Yashagaike,play
晃,土橋の煮染屋にしめやで竹の皮づつみと遣やらかす、その方が早手廻はやてまわしだ。鰊にしんの煮びたし、焼どうふ、可よかろう、山沢。,m,Izumi Kyoka,m,夜叉ヶ池,The Pond called Yashagaike,play
学円,結構じゃ。,m,Izumi Kyoka,m,夜叉ヶ池,The Pond called Yashagaike,play
晃,事が決れば早いが可いい。源佐衛門は草履で可よし、最明時さいみょうじどのは、お草鞋わらじ、お草鞋。,m,Izumi Kyoka,m,夜叉ヶ池,The Pond called Yashagaike,play
学円,やあ、おもしろい。奥さん、いずれ帰途かえりには寄せて頂く。私は味噌汁が大好きです。小菜こなを入れて食べさして発たたせて下さい。時に、帰途はいつになろう。……,m,Izumi Kyoka,m,夜叉ヶ池,The Pond called Yashagaike,play
晃,さあ、夜よが短い。明方になろうも知れん。,m,Izumi Kyoka,m,夜叉ヶ池,The Pond called Yashagaike,play
学円,明けがた……は可いいが、（と草鞋を穿はきながら）待て待て、一所に気軽に飛出して、今夜、丑満つの鐘はどうするのじゃ。,m,Izumi Kyoka,m,夜叉ヶ池,The Pond called Yashagaike,play
晃,百合が心得ておる。先代弥太兵衛と違う。仙人ではない、生身の人間。病気もする、百合が時々代るんだよ。,m,Izumi Kyoka,m,夜叉ヶ池,The Pond called Yashagaike,play
学円,では、池のあたりで聞きましょう。――奥方しっかり願います。,m,Izumi Kyoka,m,夜叉ヶ池,The Pond called Yashagaike,play
百合,はい、内をお忘れなさいませんように、私は一生懸命に。（と涙声にて云う。）,f,Izumi Kyoka,m,夜叉ヶ池,The Pond called Yashagaike,play
晃,……おい、あの、弥太兵衛が譲りの、お家の重宝ちょうほうと云う瓢箪ひょうたんを出したり、酒を買う。――それから鎌を貸しな、滅多に人の通わぬ処、路はあっても熊笹ぐらいは切らざあなるまい。……早くおし。,m,Izumi Kyoka,m,夜叉ヶ池,The Pond called Yashagaike,play
百合,はい、はい。,f,Izumi Kyoka,m,夜叉ヶ池,The Pond called Yashagaike,play
学円,やあ、どぎどぎと鋭いな。（と鎌を見る。）,m,Izumi Kyoka,m,夜叉ヶ池,The Pond called Yashagaike,play
晃,月影に……（空へかざす）なお光るんだ。これでも鎌を研とぐことを覚えたぜ。――こっちだ、こっちだ。（と先へ立つ。）,m,Izumi Kyoka,m,夜叉ヶ池,The Pond called Yashagaike,play
百合,お気をつけ遊ばせよ。（とうるみ声にて、送り出づる時、可愛かわゆき人形袖にあり。）,f,Izumi Kyoka,m,夜叉ヶ池,The Pond called Yashagaike,play
晃,何だい、こんなもの。（見返る。）,m,Izumi Kyoka,m,夜叉ヶ池,The Pond called Yashagaike,play
百合,太郎がちょっとお見送り。（と袖でしめつつ）小父おじちゃんもお早くお帰りなさいまし、坊やが寂しゅうございます。（と云いながら、学円の顔をみまもり、小家こやの内を指し、うつむいてほろりとする。）,f,Izumi Kyoka,m,夜叉ヶ池,The Pond called Yashagaike,play
学円,（庇かばう状さまに手を挙げて、また涙ぐみ）御道理ごもっともじゃ、が、大丈夫、夢にも、そんな事が、貴女、（と云って晃に向きかえ）私わしに逢うて、里心が出て、君がこれなり帰るまいか、という御心配じゃ。,m,Izumi Kyoka,m,夜叉ヶ池,The Pond called Yashagaike,play
百合,（きまりわるげに、つと背向せむきになる。）,f,Izumi Kyoka,m,夜叉ヶ池,The Pond called Yashagaike,play
晃,ああ、それで先刻さっきから……馬鹿、嬰児ねんねえだな。,m,Izumi Kyoka,m,夜叉ヶ池,The Pond called Yashagaike,play
学円,何かい、ちょっと出懸でがけに、キスなどせんでも可いいかい。,m,Izumi Kyoka,m,夜叉ヶ池,The Pond called Yashagaike,play
晃,旦那方じゃあるまいし、鐘撞かねつき弥太兵衛でがんすての。,m,Izumi Kyoka,m,夜叉ヶ池,The Pond called Yashagaike,play
百合,（熟じっとしばし）まさかと思うけれど、ねえ、坊や、大丈夫お帰んなさるわねえ。おおおお目ン目を瞑ねむって、頷うなずいて、まあ、可愛い。（と頬摺ほおずりし）坊やは、お乳つぱをおあがりよ。母かあさんは一人でお夕飯も欲しくない。早く片附けてお留守をしましょう。一人だと見て取ると、村の人が煩うるさいから、月は可よし、灯を消して戸をしめて。――,f,Izumi Kyoka,m,夜叉ヶ池,The Pond called Yashagaike,play
木樵り,"さようでございます。あの死骸しがいを見つけたのは、わたしに違いございません。わたしは今朝けさいつもの通り、裏山の杉を伐きりに参りました。すると山陰やまかげの藪やぶの中に、あの死骸があったのでございます。あった処でございますか？　それは山科やましなの駅路からは、四五町ほど隔たって居りましょう。竹の中に痩やせ杉の交まじった、人気ひとけのない所でございます。
　死骸は縹はなだの水干すいかんに、都風みやこふうのさび烏帽子をかぶったまま、仰向あおむけに倒れて居りました。何しろ一刀ひとかたなとは申すものの、胸もとの突き傷でございますから、死骸のまわりの竹の落葉は、蘇芳すほうに滲しみたようでございます。いえ、血はもう流れては居りません。傷口も乾かわいて居ったようでございます。おまけにそこには、馬蠅うまばえが一匹、わたしの足音も聞えないように、べったり食いついて居りましたっけ。
　太刀たちか何かは見えなかったか？　いえ、何もございません。ただその側の杉の根がたに、縄なわが一筋落ちて居りました。それから、――そうそう、縄のほかにも櫛くしが一つございました。死骸のまわりにあったものは、この二つぎりでございます。が、草や竹の落葉は、一面に踏み荒されて居りましたから、きっとあの男は殺される前に、よほど手痛い働きでも致したのに違いございません。何、馬はいなかったか？　あそこは一体馬なぞには、はいれない所でございます。何しろ馬の通かよう路とは、藪一つ隔たって居りますから。",m,Akutagawa Ryunosuke,m,藪の中,In the bush,novel
旅法師,"あの死骸の男には、確かに昨日きのう遇あって居ります。昨日の、――さあ、午頃ひるごろでございましょう。場所は関山せきやまから山科やましなへ、参ろうと云う途中でございます。あの男は馬に乗った女と一しょに、関山の方へ歩いて参りました。女は牟子むしを垂れて居りましたから、顔はわたしにはわかりません。見えたのはただ萩重はぎがさねらしい、衣きぬの色ばかりでございます。馬は月毛つきげの、――確か法師髪ほうしがみの馬のようでございました。丈たけでございますか？　丈は四寸よきもございましたか？　――何しろ沙門しゃもんの事でございますから、その辺ははっきり存じません。男は、――いえ、太刀たちも帯びて居おれば、弓矢も携たずさえて居りました。殊に黒い塗ぬり箙えびらへ、二十あまり征矢そやをさしたのは、ただ今でもはっきり覚えて居ります。
　あの男がかようになろうとは、夢にも思わずに居りましたが、真まことに人間の命なぞは、如露亦如電にょろやくにょでんに違いございません。やれやれ、何とも申しようのない、気の毒な事を致しました。",m,Akutagawa Ryunosuke,m,藪の中,In the bush,novel
放免,"わたしが搦からめ取った男でございますか？　これは確かに多襄丸たじょうまると云う、名高い盗人ぬすびとでございます。もっともわたしが搦からめ取った時には、馬から落ちたのでございましょう、粟田口あわだぐちの石橋いしばしの上に、うんうん呻うなって居りました。時刻でございますか？　時刻は昨夜さくやの初更しょこう頃でございます。いつぞやわたしが捉とらえ損じた時にも、やはりこの紺こんの水干すいかんに、打出うちだしの太刀たちを佩はいて居りました。ただ今はそのほかにも御覧の通り、弓矢の類さえ携たずさえて居ります。さようでございますか？　あの死骸の男が持っていたのも、――では人殺しを働いたのは、この多襄丸に違いございません。革かわを巻いた弓、黒塗りの箙えびら、鷹たかの羽の征矢そやが十七本、――これは皆、あの男が持っていたものでございましょう。はい。馬もおっしゃる通り、法師髪ほうしがみの月毛つきげでございます。その畜生ちくしょうに落されるとは、何かの因縁いんねんに違いございません。それは石橋の少し先に、長い端綱はづなを引いたまま、路ばたの青芒あおすすきを食って居りました。
　この多襄丸たじょうまると云うやつは、洛中らくちゅうに徘徊する盗人の中でも、女好きのやつでございます。昨年の秋鳥部寺とりべでらの賓頭盧びんずるの後うしろの山に、物詣ものもうでに来たらしい女房が一人、女めの童わらわと一しょに殺されていたのは、こいつの仕業しわざだとか申して居りました。その月毛に乗っていた女も、こいつがあの男を殺したとなれば、どこへどうしたかわかりません。差出さしでがましゅうございますが、それも御詮議ごせんぎ下さいまし。",m,Akutagawa Ryunosuke,m,藪の中,In the bush,novel
媼,"はい、あの死骸は手前の娘が、片附かたづいた男でございます。が、都のものではございません。若狭わかさの国府こくふの侍でございます。名は金沢かなざわの武弘、年は二十六歳でございました。いえ、優しい気立きだてでございますから、遺恨いこんなぞ受ける筈はございません。
　娘でございますか？　娘の名は真砂まさご、年は十九歳でございます。これは男にも劣らぬくらい、勝気の女でございますが、まだ一度も武弘のほかには、男を持った事はございません。顔は色の浅黒い、左の眼尻めじりに黒子ほくろのある、小さい瓜実顔うりざねがおでございます。
　武弘は昨日きのう娘と一しょに、若狭へ立ったのでございますが、こんな事になりますとは、何と云う因果でございましょう。しかし娘はどうなりましたやら、壻むこの事はあきらめましても、これだけは心配でなりません。どうかこの姥うばが一生のお願いでございますから、たとい草木くさきを分けましても、娘の行方ゆくえをお尋ね下さいまし。何に致せ憎いのは、その多襄丸たじょうまるとか何とか申す、盗人ぬすびとのやつでございます。壻ばかりか、娘までも………",f,Akutagawa Ryunosuke,m,藪の中,In the bush,novel
多襄丸,"あの男を殺したのはわたしです。しかし女は殺しはしません。ではどこへ行ったのか？　それはわたしにもわからないのです。まあ、お待ちなさい。いくら拷問ごうもんにかけられても、知らない事は申されますまい。その上わたしもこうなれば、卑怯ひきょうな隠し立てはしないつもりです。
　わたしは昨日きのうの午ひる少し過ぎ、あの夫婦に出会いました。その時風の吹いた拍子ひょうしに、牟子むしの垂絹たれぎぬが上ったものですから、ちらりと女の顔が見えたのです。ちらりと、――見えたと思う瞬間には、もう見えなくなったのですが、一つにはそのためもあったのでしょう、わたしにはあの女の顔が、女菩薩にょぼさつのように見えたのです。わたしはその咄嗟とっさの間あいだに、たとい男は殺しても、女は奪おうと決心しました。
　何、男を殺すなぞは、あなた方の思っているように、大した事ではありません。どうせ女を奪うばうとなれば、必ず、男は殺されるのです。ただわたしは殺す時に、腰の太刀たちを使うのですが、あなた方は太刀は使わない、ただ権力で殺す、金で殺す、どうかするとおためごかしの言葉だけでも殺すでしょう。なるほど血は流れない、男は立派りっぱに生きている、――しかしそれでも殺したのです。罪の深さを考えて見れば、あなた方が悪いか、わたしが悪いか、どちらが悪いかわかりません。（皮肉なる微笑）
　しかし男を殺さずとも、女を奪う事が出来れば、別に不足はない訳です。いや、その時の心もちでは、出来るだけ男を殺さずに、女を奪おうと決心したのです。が、あの山科やましなの駅路では、とてもそんな事は出来ません。そこでわたしは山の中へ、あの夫婦をつれこむ工夫くふうをしました。
　これも造作ぞうさはありません。わたしはあの夫婦と途みちづれになると、向うの山には古塚ふるづかがある、この古塚を発あばいて見たら、鏡や太刀たちが沢山出た、わたしは誰も知らないように、山の陰の藪やぶの中へ、そう云う物を埋うずめてある、もし望み手があるならば、どれでも安い値に売り渡したい、――と云う話をしたのです。男はいつかわたしの話に、だんだん心を動かし始めました。それから、――どうです。欲と云うものは恐しいではありませんか？　それから半時はんときもたたない内に、あの夫婦はわたしと一しょに、山路やまみちへ馬を向けていたのです。
　わたしは藪やぶの前へ来ると、宝はこの中に埋めてある、見に来てくれと云いました。男は欲に渇かわいていますから、異存いぞんのある筈はありません。が、女は馬も下りずに、待っていると云うのです。またあの藪の茂っているのを見ては、そう云うのも無理はありますまい。わたしはこれも実を云えば、思う壺つぼにはまったのですから、女一人を残したまま、男と藪の中へはいりました。
　藪はしばらくの間あいだは竹ばかりです。が、半町はんちょうほど行った処に、やや開いた杉むらがある、――わたしの仕事を仕遂げるのには、これほど都合つごうの好いい場所はありません。わたしは藪を押し分けながら、宝は杉の下に埋めてあると、もっともらしい嘘をつきました。男はわたしにそう云われると、もう痩やせ杉が透いて見える方へ、一生懸命に進んで行きます。その内に竹が疎まばらになると、何本も杉が並んでいる、――わたしはそこへ来るが早いか、いきなり相手を組み伏せました。男も太刀を佩はいているだけに、力は相当にあったようですが、不意を打たれてはたまりません。たちまち一本の杉の根がたへ、括くくりつけられてしまいました。縄なわですか？　縄は盗人ぬすびとの有難さに、いつ塀を越えるかわかりませんから、ちゃんと腰につけていたのです。勿論声を出させないためにも、竹の落葉を頬張ほおばらせれば、ほかに面倒はありません。
　わたしは男を片附けてしまうと、今度はまた女の所へ、男が急病を起したらしいから、見に来てくれと云いに行きました。これも図星ずぼしに当ったのは、申し上げるまでもありますまい。女は市女笠いちめがさを脱いだまま、わたしに手をとられながら、藪の奥へはいって来ました。ところがそこへ来て見ると、男は杉の根に縛しばられている、――女はそれを一目見るなり、いつのまに懐ふところから出していたか、きらりと小刀さすがを引き抜きました。わたしはまだ今までに、あのくらい気性の烈はげしい女は、一人も見た事がありません。もしその時でも油断していたらば、一突きに脾腹ひばらを突かれたでしょう。いや、それは身を躱かわしたところが、無二無三むにむざんに斬り立てられる内には、どんな怪我けがも仕兼ねなかったのです。が、わたしも多襄丸たじょうまるですから、どうにかこうにか太刀も抜かずに、とうとう小刀さすがを打ち落しました。いくら気の勝った女でも、得物がなければ仕方がありません。わたしはとうとう思い通り、男の命は取らずとも、女を手に入れる事は出来たのです。
　男の命は取らずとも、――そうです。わたしはその上にも、男を殺すつもりはなかったのです。所が泣き伏した女を後あとに、藪の外へ逃げようとすると、女は突然わたしの腕へ、気違いのように縋すがりつきました。しかも切れ切れに叫ぶのを聞けば、あなたが死ぬか夫が死ぬか、どちらか一人死んでくれ、二人の男に恥はじを見せるのは、死ぬよりもつらいと云うのです。いや、その内どちらにしろ、生き残った男につれ添いたい、――そうも喘あえぎ喘ぎ云うのです。わたしはその時猛然と、男を殺したい気になりました。（陰鬱なる興奮）
　こんな事を申し上げると、きっとわたしはあなた方より残酷ざんこくな人間に見えるでしょう。しかしそれはあなた方が、あの女の顔を見ないからです。殊にその一瞬間の、燃えるような瞳ひとみを見ないからです。わたしは女と眼を合せた時、たとい神鳴かみなりに打ち殺されても、この女を妻にしたいと思いました。妻にしたい、――わたしの念頭ねんとうにあったのは、ただこう云う一事だけです。これはあなた方の思うように、卑いやしい色欲ではありません。もしその時色欲のほかに、何も望みがなかったとすれば、わたしは女を蹴倒けたおしても、きっと逃げてしまったでしょう。男もそうすればわたしの太刀たちに、血を塗る事にはならなかったのです。が、薄暗い藪の中に、じっと女の顔を見た刹那せつな、わたしは男を殺さない限り、ここは去るまいと覚悟しました。
　しかし男を殺すにしても、卑怯ひきょうな殺し方はしたくありません。わたしは男の縄を解いた上、太刀打ちをしろと云いました。（杉の根がたに落ちていたのは、その時捨て忘れた縄なのです。）男は血相けっそうを変えたまま、太い太刀を引き抜きました。と思うと口も利きかずに、憤然とわたしへ飛びかかりました。――その太刀打ちがどうなったかは、申し上げるまでもありますまい。わたしの太刀は二十三合目ごうめに、相手の胸を貫きました。二十三合目に、――どうかそれを忘れずに下さい。わたしは今でもこの事だけは、感心だと思っているのです。わたしと二十合斬り結んだものは、天下にあの男一人だけですから。（快活なる微笑）
　わたしは男が倒れると同時に、血に染まった刀を下げたなり、女の方を振り返りました。すると、――どうです、あの女はどこにもいないではありませんか？　わたしは女がどちらへ逃げたか、杉むらの間を探して見ました。が、竹の落葉の上には、それらしい跡あとも残っていません。また耳を澄ませて見ても、聞えるのはただ男の喉のどに、断末魔だんまつまの音がするだけです。
　事によるとあの女は、わたしが太刀打を始めるが早いか、人の助けでも呼ぶために、藪をくぐって逃げたのかも知れない。――わたしはそう考えると、今度はわたしの命ですから、太刀や弓矢を奪ったなり、すぐにまたもとの山路やまみちへ出ました。そこにはまだ女の馬が、静かに草を食っています。その後ごの事は申し上げるだけ、無用の口数くちかずに過ぎますまい。ただ、都みやこへはいる前に、太刀だけはもう手放していました。――わたしの白状はこれだけです。どうせ一度は樗おうちの梢こずえに、懸ける首と思っていますから、どうか極刑ごっけいに遇わせて下さい。",m,Akutagawa Ryunosuke,m,藪の中,In the bush,novel
女,"その紺こんの水干すいかんを着た男は、わたしを手ごめにしてしまうと、縛られた夫を眺めながら、嘲あざけるように笑いました。夫はどんなに無念だったでしょう。が、いくら身悶みもだえをしても、体中からだじゅうにかかった縄目なわめは、一層ひしひしと食い入るだけです。わたしは思わず夫の側へ、転ころぶように走り寄りました。いえ、走り寄ろうとしたのです。しかし男は咄嗟とっさの間あいだに、わたしをそこへ蹴倒しました。ちょうどその途端とたんです。わたしは夫の眼の中に、何とも云いようのない輝きが、宿っているのを覚さとりました。何とも云いようのない、――わたしはあの眼を思い出すと、今でも身震みぶるいが出ずにはいられません。口さえ一言いちごんも利きけない夫は、その刹那せつなの眼の中に、一切の心を伝えたのです。しかしそこに閃ひらめいていたのは、怒りでもなければ悲しみでもない、――ただわたしを蔑さげすんだ、冷たい光だったではありませんか？　わたしは男に蹴られたよりも、その眼の色に打たれたように、我知らず何か叫んだぎり、とうとう気を失ってしまいました。
　その内にやっと気がついて見ると、あの紺こんの水干すいかんの男は、もうどこかへ行っていました。跡にはただ杉の根がたに、夫が縛しばられているだけです。わたしは竹の落葉の上に、やっと体を起したなり、夫の顔を見守りました。が、夫の眼の色は、少しもさっきと変りません。やはり冷たい蔑さげすみの底に、憎しみの色を見せているのです。恥しさ、悲しさ、腹立たしさ、――その時のわたしの心の中うちは、何と云えば好よいかわかりません。わたしはよろよろ立ち上りながら、夫の側へ近寄りました。
「あなた。もうこうなった上は、あなたと御一しょには居られません。わたしは一思いに死ぬ覚悟です。しかし、――しかしあなたもお死になすって下さい。あなたはわたしの恥はじを御覧になりました。わたしはこのままあなた一人、お残し申す訳には参りません。」
　わたしは一生懸命に、これだけの事を云いました。それでも夫は忌いまわしそうに、わたしを見つめているばかりなのです。わたしは裂さけそうな胸を抑えながら、夫の太刀たちを探しました。が、あの盗人ぬすびとに奪われたのでしょう、太刀は勿論弓矢さえも、藪の中には見当りません。しかし幸い小刀さすがだけは、わたしの足もとに落ちているのです。わたしはその小刀を振り上げると、もう一度夫にこう云いました。
「ではお命を頂かせて下さい。わたしもすぐにお供します。」
　夫はこの言葉を聞いた時、やっと唇くちびるを動かしました。勿論口には笹の落葉が、一ぱいにつまっていますから、声は少しも聞えません。が、わたしはそれを見ると、たちまちその言葉を覚りました。夫はわたしを蔑んだまま、「殺せ。」と一言ひとこと云ったのです。わたしはほとんど、夢うつつの内に、夫の縹はなだの水干の胸へ、ずぶりと小刀さすがを刺し通しました。
　わたしはまたこの時も、気を失ってしまったのでしょう。やっとあたりを見まわした時には、夫はもう縛られたまま、とうに息が絶えていました。その蒼ざめた顔の上には、竹に交まじった杉むらの空から、西日が一すじ落ちているのです。わたしは泣き声を呑みながら、死骸しがいの縄を解き捨てました。そうして、――そうしてわたしがどうなったか？　それだけはもうわたしには、申し上げる力もありません。とにかくわたしはどうしても、死に切る力がなかったのです。小刀さすがを喉のどに突き立てたり、山の裾の池へ身を投げたり、いろいろな事もして見ましたが、死に切れずにこうしている限り、これも自慢じまんにはなりますまい。（寂しき微笑）わたしのように腑甲斐ふがいないものは、大慈大悲の観世音菩薩かんぜおんぼさつも、お見放しなすったものかも知れません。しかし夫を殺したわたしは、盗人ぬすびとの手ごめに遇ったわたしは、一体どうすれば好よいのでしょう？　一体わたしは、――わたしは、",f,Akutagawa Ryunosuke,m,藪の中,In the bush,novel
巫女,"盗人ぬすびとは妻を手ごめにすると、そこへ腰を下したまま、いろいろ妻を慰め出した。おれは勿論口は利きけない。体も杉の根に縛しばられている。が、おれはその間あいだに、何度も妻へ目くばせをした。この男の云う事を真まに受けるな、何を云っても嘘と思え、――おれはそんな意味を伝えたいと思った。しかし妻は悄然しょうぜんと笹の落葉に坐ったなり、じっと膝へ目をやっている。それがどうも盗人の言葉に、聞き入っているように見えるではないか？　おれは妬ねたましさに身悶みもだえをした。が、盗人はそれからそれへと、巧妙に話を進めている。一度でも肌身を汚したとなれば、夫との仲も折り合うまい。そんな夫に連れ添っているより、自分の妻になる気はないか？　自分はいとしいと思えばこそ、大それた真似も働いたのだ、――盗人はとうとう大胆だいたんにも、そう云う話さえ持ち出した。
　盗人にこう云われると、妻はうっとりと顔を擡もたげた。おれはまだあの時ほど、美しい妻を見た事がない。しかしその美しい妻は、現在縛られたおれを前に、何と盗人に返事をしたか？　おれは中有ちゅううに迷っていても、妻の返事を思い出すごとに、嗔恚しんいに燃えなかったためしはない。妻は確かにこう云った、――「ではどこへでもつれて行って下さい。」（長き沈黙）
　妻の罪はそれだけではない。それだけならばこの闇やみの中に、いまほどおれも苦しみはしまい。しかし妻は夢のように、盗人に手をとられながら、藪の外へ行こうとすると、たちまち顔色がんしよくを失ったなり、杉の根のおれを指さした。「あの人を殺して下さい。わたしはあの人が生きていては、あなたと一しょにはいられません。」――妻は気が狂ったように、何度もこう叫び立てた。「あの人を殺して下さい。」――この言葉は嵐のように、今でも遠い闇の底へ、まっ逆様さかさまにおれを吹き落そうとする。一度でもこのくらい憎むべき言葉が、人間の口を出た事があろうか？　一度でもこのくらい呪のろわしい言葉が、人間の耳に触れた事があろうか？　一度でもこのくらい、――（突然迸ほとばしるごとき嘲笑ちょうしょう）その言葉を聞いた時は、盗人さえ色を失ってしまった。「あの人を殺して下さい。」――妻はそう叫びながら、盗人の腕に縋すがっている。盗人はじっと妻を見たまま、殺すとも殺さぬとも返事をしない。――と思うか思わない内に、妻は竹の落葉の上へ、ただ一蹴りに蹴倒けたおされた、（再ふたたび迸るごとき嘲笑）盗人は静かに両腕を組むと、おれの姿へ眼をやった。「あの女はどうするつもりだ？　殺すか、それとも助けてやるか？　返事はただ頷うなずけば好よい。殺すか？」――おれはこの言葉だけでも、盗人の罪は赦ゆるしてやりたい。（再び、長き沈黙）
　妻はおれがためらう内に、何か一声ひとこえ叫ぶが早いか、たちまち藪の奥へ走り出した。盗人も咄嗟とっさに飛びかかったが、これは袖そでさえ捉とらえなかったらしい。おれはただ幻のように、そう云う景色を眺めていた。
　盗人は妻が逃げ去った後のち、太刀たちや弓矢を取り上げると、一箇所だけおれの縄なわを切った。「今度はおれの身の上だ。」――おれは盗人が藪の外へ、姿を隠してしまう時に、こう呟つぶやいたのを覚えている。その跡はどこも静かだった。いや、まだ誰かの泣く声がする。おれは縄を解きながら、じっと耳を澄ませて見た。が、その声も気がついて見れば、おれ自身の泣いている声だったではないか？　（三度みたび、長き沈黙）
　おれはやっと杉の根から、疲れ果てた体を起した。おれの前には妻が落した、小刀さすがが一つ光っている。おれはそれを手にとると、一突きにおれの胸へ刺さした。何か腥なまぐさい塊かたまりがおれの口へこみ上げて来る。が、苦しみは少しもない。ただ胸が冷たくなると、一層あたりがしんとしてしまった。ああ、何と云う静かさだろう。この山陰やまかげの藪の空には、小鳥一羽囀さえずりに来ない。ただ杉や竹の杪うらに、寂しい日影が漂ただよっている。日影が、――それも次第に薄れて来る。――もう杉や竹も見えない。おれはそこに倒れたまま、深い静かさに包まれている。
　その時誰か忍び足に、おれの側へ来たものがある。おれはそちらを見ようとした。が、おれのまわりには、いつか薄闇うすやみが立ちこめている。誰か、――その誰かは見えない手に、そっと胸の小刀さすがを抜いた。同時におれの口の中には、もう一度血潮が溢あふれて来る。おれはそれぎり永久に、中有ちゅううの闇へ沈んでしまった。",f,Akutagawa Ryunosuke,m,藪の中,In the bush,novel
私 (晶子),まあさうなんですか。,f,Yosano Akiko,f,日記のうち,From diary,diary
修さん,じふてりやでね、軽いのですがね。,f,Yosano Akiko,f,日記のうち,From diary,diary
私 (晶子),麟坊ちやんが少し悪くてね。,f,Yosano Akiko,f,日記のうち,From diary,diary
熊七,小い子が悪くてね。,f,Yosano Akiko,f,日記のうち,From diary,diary
熊七,嬢とうちやんだすか、可愛らしいおますな。,f,Yosano Akiko,f,日記のうち,From diary,diary
熊七,お賢うおますな、内ではあまりお子様方を可愛がりはりますので、ようおまへんと心配でな。,f,Yosano Akiko,f,日記のうち,From diary,diary
秀,母さんが居ますよ,f,Yosano Akiko,f,日記のうち,From diary,diary
秀,お父さんはもう行つてしまつたの。,f,Yosano Akiko,f,日記のうち,From diary,diary
安達氏,火事ぞ。,m,Yosano Akiko,f,巴里より,From Paris,autobiography
晶子,君の如き子よ。,f,Yosano Akiko,f,巴里より,From Paris,autobiography
マリイ,キキイの赤ん坊は今朝けさ田舎ゐなかの人が迎ひに来て伴つれて行つて仕舞しまひましたよ。,f,Yosano Akiko,f,巴里より,From Paris,autobiography
林,僕は其その伴つれに来た女づれを窓から見たよ。キキイは赤ん坊を預けたのかね。,m,Yosano Akiko,f,巴里より,From Paris,autobiography
出た女,今晩は、ヨサノさん、ヨサノの奥さん。,f,Yosano Akiko,f,巴里より,From Paris,autobiography
マダム・キキイ,有難ありがたう、もう、すつかり宜よろしいのよ。,f,Yosano Akiko,f,巴里より,From Paris,autobiography
マダム・キキイ,ヨサノは伊太利イタリイ人のやうな名ですね。,f,Yosano Akiko,f,巴里より,From Paris,autobiography
晶子,全まつたく貧乏なんですよ。市外の会社に勤めて居る弟――折折をりをり昼中なかに尋ねて来て、正午ひるの食卓に就くことがあるでせう――あの弟が姉思ひで、月給の中うちから貢みついで居るんですよ。,f,Yosano Akiko,f,巴里より,From Paris,autobiography
晶子,モンマルトルのああ云ふ種類の女の中ではどれも第二流スコンデエルですよ。,f,Yosano Akiko,f,巴里より,From Paris,autobiography
晶子,あれは皆夜よるの天使だつたんですね。,f,Yosano Akiko,f,巴里より,From Paris,autobiography
出た女,わたしは葡萄酒でも貰はうかしら。,f,Yosano Akiko,f,巴里より,From Paris,autobiography
出た女,厭なこと、そんなことを云はれると酒飲さけのみのやうよ。唯たゞね、脳貧血が起おこるやうな気がしたからさう思つたのですよ。,f,Yosano Akiko,f,巴里より,From Paris,autobiography
出た女,キヤツフエでも濃こければいいでせうよ。,f,Yosano Akiko,f,巴里より,From Paris,autobiography
出た女,さう、うれしいわ。,f,Yosano Akiko,f,巴里より,From Paris,autobiography
出た女,温かい珈琲キヤツフエでも貰はうね。,f,Yosano Akiko,f,巴里より,From Paris,autobiography
晶子,外国を歩いて居る間は葡萄酒は実際贅沢ぜいたくなんだからね、巴里パリイへ帰つたらいくらでも飲ませて上あげるよ。,f,Yosano Akiko,f,巴里より,From Paris,autobiography
晶子,ええ、さうですわ。,f,Yosano Akiko,f,巴里より,From Paris,autobiography
晶子,ぢやあお貰ひよ。,f,Yosano Akiko,f,巴里より,From Paris,autobiography
晶子,あら、小林萬吾さんのお描かきになつた橋がある。,f,Yosano Akiko,f,巴里より,From Paris,autobiography
晶子,菓子も頼んだから。,f,Yosano Akiko,f,巴里より,From Paris,autobiography
晶子,もう二時間でアムステルダムですつて,f,Yosano Akiko,f,巴里より,From Paris,autobiography
晶子,でも好いいわ。旅つてそんなものでせう。実際ね、彼方此方あちこちで払はらひ増しをして二等に乗り替へるのに三等の廻遊切符なんか初めから買ふのがもういけないんだわ。,f,Yosano Akiko,f,巴里より,From Paris,autobiography
晶子,あの国境でね、あなたが取られていらしつた払はらひ増しが余り高いのね、二等の切符を別に買はせたのぢやないかしら。,f,Yosano Akiko,f,巴里より,From Paris,autobiography
晶子,眠くつてね。真実ほんとうに,f,Yosano Akiko,f,巴里より,From Paris,autobiography
晶子,絵の具が身体からだ中に附いて居るやうな気がして気持が悪いんですよ。,f,Yosano Akiko,f,巴里より,From Paris,autobiography
晶子,穢きたないのねえ。,f,Yosano Akiko,f,巴里より,From Paris,autobiography
晶子,さうしませうね。,f,Yosano Akiko,f,巴里より,From Paris,autobiography
晶子,お暑う御ご座いますねえ。,f,Yosano Akiko,f,巴里より,From Paris,autobiography
晶子,わが目に映る巴里パリイの明るさ、否いな、全宇宙の明るさ。,f,Yosano Akiko,f,巴里より,From Paris,poem
晶子,われも人ひとも皆輝く魚うをとして泳ぎ行ゆきぬ。,f,Yosano Akiko,f,巴里より,From Paris,poem
晶子,わたしは先生のお宅を出る。,f,Yosano Akiko,f,帰途,On the way to home,poem
晶子,わたしは其それを感じる、葉巻の香りが私を追つて来る、わたしは其それを感じる。,f,Yosano Akiko,f,帰途,On the way to home,poem
晶子,あなたと私とは永劫えいごふ,f,Yosano Akiko,f,唯一の問とひ,Only question,poem
晶子,"その路みちをずつと行ゆくと
死の海に落ち込むと教へられ、
中途で引返した私、
卑怯ひけふな利口者りこうものであつた私、
それ以来、私の前には
岐路えだみちと
迂路まはりみちとばかりが続いてゐる。",f,Yosano Akiko,f,卑怯,Cowardly,poem
晶子,私はおまへに由よつて知ることが出来た。,f,Yosano Akiko,f,アウギユスト,August,poem
晶子,"宇宙から生れて
宇宙のなかにゐる私が、
どうしてか、
その宇宙から離れてゐる。
だから、私は寂さびしい、
あなたと居ても寂さびしい。
けれど、また、折折をりをり、
私は宇宙に還かへつて、
私が宇宙か、
宇宙が私か、解わからなくなる。
その時、私の心臓が宇宙の心臓、
その時、私の目が宇宙の目、
その時、私が泣くと、
万事を忘れて泣くと、
屹度きつと雨が降る。
でも、今日けふの私は寂さびしい、
その宇宙から離れてゐる。
あなたと居ても寂さびしい。",f,Yosano Akiko,f,宇宙と私,Universe and me,poem
晶子,"哀れな忙せはしい私が
どうして、そなたの友であらう。",f,Yosano Akiko,f,まあ華やかな,It's quite glamorous,poem